daily_trades,daily_users,day,lifetime_trades,lifetime_users,seven_day_trades,seven_day_users,transaction_day
2607,559,2025-03-26 00:00:00.000 UTC,51482997,636081,817990,41575,2025-03-26 00:00:00+00:00
116285,12264,2025-03-25 00:00:00.000 UTC,51482997,636081,817990,41575,2025-03-25 00:00:00+00:00
121278,11836,2025-03-24 00:00:00.000 UTC,51482997,636081,817990,41575,2025-03-24 00:00:00+00:00
88781,10101,2025-03-23 00:00:00.000 UTC,51482997,636081,817990,41575,2025-03-23 00:00:00+00:00
85277,8237,2025-03-22 00:00:00.000 UTC,51482997,636081,817990,41575,2025-03-22 00:00:00+00:00
87247,9744,2025-03-21 00:00:00.000 UTC,51482997,636081,817990,41575,2025-03-21 00:00:00+00:00
154482,12153,2025-03-20 00:00:00.000 UTC,51482997,636081,817990,41575,2025-03-20 00:00:00+00:00
175220,12153,2025-03-19 00:00:00.000 UTC,51482997,636081,817990,41575,2025-03-19 00:00:00+00:00
163893,12355,2025-03-18 00:00:00.000 UTC,51482997,636081,817990,41575,2025-03-18 00:00:00+00:00
196946,12950,2025-03-17 00:00:00.000 UTC,51482997,636081,817990,41575,2025-03-17 00:00:00+00:00
185617,12419,2025-03-16 00:00:00.000 UTC,51482997,636081,817990,41575,2025-03-16 00:00:00+00:00
200465,12777,2025-03-15 00:00:00.000 UTC,51482997,636081,817990,41575,2025-03-15 00:00:00+00:00
209291,12303,2025-03-14 00:00:00.000 UTC,51482997,636081,817990,41575,2025-03-14 00:00:00+00:00
221120,12149,2025-03-13 00:00:00.000 UTC,51482997,636081,817990,41575,2025-03-13 00:00:00+00:00
204724,12753,2025-03-12 00:00:00.000 UTC,51482997,636081,817990,41575,2025-03-12 00:00:00+00:00
184187,11497,2025-03-11 00:00:00.000 UTC,51482997,636081,817990,41575,2025-03-11 00:00:00+00:00
214157,12269,2025-03-10 00:00:00.000 UTC,51482997,636081,817990,41575,2025-03-10 00:00:00+00:00
208404,12332,2025-03-09 00:00:00.000 UTC,51482997,636081,817990,41575,2025-03-09 00:00:00+00:00
232039,13774,2025-03-08 00:00:00.000 UTC,51482997,636081,817990,41575,2025-03-08 00:00:00+00:00
293174,16835,2025-03-07 00:00:00.000 UTC,51482997,636081,817990,41575,2025-03-07 00:00:00+00:00
229417,14685,2025-03-06 00:00:00.000 UTC,51482997,636081,817990,41575,2025-03-06 00:00:00+00:00
242710,15386,2025-03-05 00:00:00.000 UTC,51482997,636081,817990,41575,2025-03-05 00:00:00+00:00
201443,13191,2025-03-04 00:00:00.000 UTC,51482997,636081,817990,41575,2025-03-04 00:00:00+00:00
219061,15093,2025-03-03 00:00:00.000 UTC,51482997,636081,817990,41575,2025-03-03 00:00:00+00:00
213371,14715,2025-03-02 00:00:00.000 UTC,51482997,636081,817990,41575,2025-03-02 00:00:00+00:00
180706,12535,2025-03-01 00:00:00.000 UTC,51482997,636081,817990,41575,2025-03-01 00:00:00+00:00
201096,14323,2025-02-28 00:00:00.000 UTC,51482997,636081,817990,41575,2025-02-28 00:00:00+00:00
236718,17425,2025-02-27 00:00:00.000 UTC,51482997,636081,817990,41575,2025-02-27 00:00:00+00:00
240820,16914,2025-02-26 00:00:00.000 UTC,51482997,636081,817990,41575,2025-02-26 00:00:00+00:00
234997,17473,2025-02-25 00:00:00.000 UTC,51482997,636081,817990,41575,2025-02-25 00:00:00+00:00
270502,18700,2025-02-24 00:00:00.000 UTC,51482997,636081,817990,41575,2025-02-24 00:00:00+00:00
298377,18662,2025-02-23 00:00:00.000 UTC,51482997,636081,817990,41575,2025-02-23 00:00:00+00:00
274712,17990,2025-02-22 00:00:00.000 UTC,51482997,636081,817990,41575,2025-02-22 00:00:00+00:00
329176,19367,2025-02-21 00:00:00.000 UTC,51482997,636081,817990,41575,2025-02-21 00:00:00+00:00
321962,20210,2025-02-20 00:00:00.000 UTC,51482997,636081,817990,41575,2025-02-20 00:00:00+00:00
318696,20614,2025-02-19 00:00:00.000 UTC,51482997,636081,817990,41575,2025-02-19 00:00:00+00:00
311198,20808,2025-02-18 00:00:00.000 UTC,51482997,636081,817990,41575,2025-02-18 00:00:00+00:00
367055,23261,2025-02-17 00:00:00.000 UTC,51482997,636081,817990,41575,2025-02-17 00:00:00+00:00
352136,22288,2025-02-16 00:00:00.000 UTC,51482997,636081,817990,41575,2025-02-16 00:00:00+00:00
373957,24144,2025-02-15 00:00:00.000 UTC,51482997,636081,817990,41575,2025-02-15 00:00:00+00:00
424835,28558,2025-02-14 00:00:00.000 UTC,51482997,636081,817990,41575,2025-02-14 00:00:00+00:00
425911,29069,2025-02-13 00:00:00.000 UTC,51482997,636081,817990,41575,2025-02-13 00:00:00+00:00
518997,29937,2025-02-12 00:00:00.000 UTC,51482997,636081,817990,41575,2025-02-12 00:00:00+00:00
619415,34085,2025-02-11 00:00:00.000 UTC,51482997,636081,817990,41575,2025-02-11 00:00:00+00:00
614728,33058,2025-02-10 00:00:00.000 UTC,51482997,636081,817990,41575,2025-02-10 00:00:00+00:00
501647,27924,2025-02-09 00:00:00.000 UTC,51482997,636081,817990,41575,2025-02-09 00:00:00+00:00
387020,23830,2025-02-08 00:00:00.000 UTC,51482997,636081,817990,41575,2025-02-08 00:00:00+00:00
453054,26309,2025-02-07 00:00:00.000 UTC,51482997,636081,817990,41575,2025-02-07 00:00:00+00:00
379811,25033,2025-02-06 00:00:00.000 UTC,51482997,636081,817990,41575,2025-02-06 00:00:00+00:00
445023,28143,2025-02-05 00:00:00.000 UTC,51482997,636081,817990,41575,2025-02-05 00:00:00+00:00
374405,25857,2025-02-04 00:00:00.000 UTC,51482997,636081,817990,41575,2025-02-04 00:00:00+00:00
351253,24587,2025-02-03 00:00:00.000 UTC,51482997,636081,817990,41575,2025-02-03 00:00:00+00:00
404547,25960,2025-02-02 00:00:00.000 UTC,51482997,636081,817990,41575,2025-02-02 00:00:00+00:00
508170,30062,2025-02-01 00:00:00.000 UTC,51482997,636081,817990,41575,2025-02-01 00:00:00+00:00
609907,34317,2025-01-31 00:00:00.000 UTC,51482997,636081,817990,41575,2025-01-31 00:00:00+00:00
703496,36428,2025-01-30 00:00:00.000 UTC,51482997,636081,817990,41575,2025-01-30 00:00:00+00:00
471890,30475,2025-01-29 00:00:00.000 UTC,51482997,636081,817990,41575,2025-01-29 00:00:00+00:00
546178,32987,2025-01-28 00:00:00.000 UTC,51482997,636081,817990,41575,2025-01-28 00:00:00+00:00
662932,36287,2025-01-27 00:00:00.000 UTC,51482997,636081,817990,41575,2025-01-27 00:00:00+00:00
672739,37897,2025-01-26 00:00:00.000 UTC,51482997,636081,817990,41575,2025-01-26 00:00:00+00:00
642078,36982,2025-01-25 00:00:00.000 UTC,51482997,636081,817990,41575,2025-01-25 00:00:00+00:00
769899,42989,2025-01-24 00:00:00.000 UTC,51482997,636081,817990,41575,2025-01-24 00:00:00+00:00
782841,43181,2025-01-23 00:00:00.000 UTC,51482997,636081,817990,41575,2025-01-23 00:00:00+00:00
571751,36676,2025-01-22 00:00:00.000 UTC,51482997,636081,817990,41575,2025-01-22 00:00:00+00:00
588749,37932,2025-01-21 00:00:00.000 UTC,51482997,636081,817990,41575,2025-01-21 00:00:00+00:00
676448,47480,2025-01-20 00:00:00.000 UTC,51482997,636081,817990,41575,2025-01-20 00:00:00+00:00
592542,45681,2025-01-19 00:00:00.000 UTC,51482997,636081,817990,41575,2025-01-19 00:00:00+00:00
408171,33007,2025-01-18 00:00:00.000 UTC,51482997,636081,817990,41575,2025-01-18 00:00:00+00:00
346547,23274,2025-01-17 00:00:00.000 UTC,51482997,636081,817990,41575,2025-01-17 00:00:00+00:00
342483,22677,2025-01-16 00:00:00.000 UTC,51482997,636081,817990,41575,2025-01-16 00:00:00+00:00
351472,23376,2025-01-15 00:00:00.000 UTC,51482997,636081,817990,41575,2025-01-15 00:00:00+00:00
390751,23683,2025-01-14 00:00:00.000 UTC,51482997,636081,817990,41575,2025-01-14 00:00:00+00:00
330139,21814,2025-01-13 00:00:00.000 UTC,51482997,636081,817990,41575,2025-01-13 00:00:00+00:00
418801,23791,2025-01-12 00:00:00.000 UTC,51482997,636081,817990,41575,2025-01-12 00:00:00+00:00
372734,23930,2025-01-11 00:00:00.000 UTC,51482997,636081,817990,41575,2025-01-11 00:00:00+00:00
378991,24670,2025-01-10 00:00:00.000 UTC,51482997,636081,817990,41575,2025-01-10 00:00:00+00:00
410425,26059,2025-01-09 00:00:00.000 UTC,51482997,636081,817990,41575,2025-01-09 00:00:00+00:00
404909,25864,2025-01-08 00:00:00.000 UTC,51482997,636081,817990,41575,2025-01-08 00:00:00+00:00
370957,25864,2025-01-07 00:00:00.000 UTC,51482997,636081,817990,41575,2025-01-07 00:00:00+00:00
370062,25224,2025-01-06 00:00:00.000 UTC,51482997,636081,817990,41575,2025-01-06 00:00:00+00:00
380736,25007,2025-01-05 00:00:00.000 UTC,51482997,636081,817990,41575,2025-01-05 00:00:00+00:00
343920,23089,2025-01-04 00:00:00.000 UTC,51482997,636081,817990,41575,2025-01-04 00:00:00+00:00
406650,24742,2025-01-03 00:00:00.000 UTC,51482997,636081,817990,41575,2025-01-03 00:00:00+00:00
361705,22861,2025-01-02 00:00:00.000 UTC,51482997,636081,817990,41575,2025-01-02 00:00:00+00:00
281541,18688,2025-01-01 00:00:00.000 UTC,51482997,636081,817990,41575,2025-01-01 00:00:00+00:00
259795,19242,2024-12-31 00:00:00.000 UTC,51482997,636081,817990,41575,2024-12-31 00:00:00+00:00
272744,18662,2024-12-30 00:00:00.000 UTC,51482997,636081,817990,41575,2024-12-30 00:00:00+00:00
279138,17885,2024-12-29 00:00:00.000 UTC,51482997,636081,817990,41575,2024-12-29 00:00:00+00:00
265727,16750,2024-12-28 00:00:00.000 UTC,51482997,636081,817990,41575,2024-12-28 00:00:00+00:00
296603,18203,2024-12-27 00:00:00.000 UTC,51482997,636081,817990,41575,2024-12-27 00:00:00+00:00
328744,20038,2024-12-26 00:00:00.000 UTC,51482997,636081,817990,41575,2024-12-26 00:00:00+00:00
233938,16415,2024-12-25 00:00:00.000 UTC,51482997,636081,817990,41575,2024-12-25 00:00:00+00:00
226668,17129,2024-12-24 00:00:00.000 UTC,51482997,636081,817990,41575,2024-12-24 00:00:00+00:00
255152,17481,2024-12-23 00:00:00.000 UTC,51482997,636081,817990,41575,2024-12-23 00:00:00+00:00
274810,16518,2024-12-22 00:00:00.000 UTC,51482997,636081,817990,41575,2024-12-22 00:00:00+00:00
286632,18543,2024-12-21 00:00:00.000 UTC,51482997,636081,817990,41575,2024-12-21 00:00:00+00:00
280559,18003,2024-12-20 00:00:00.000 UTC,51482997,636081,817990,41575,2024-12-20 00:00:00+00:00
275792,19268,2024-12-19 00:00:00.000 UTC,51482997,636081,817990,41575,2024-12-19 00:00:00+00:00
275059,20390,2024-12-18 00:00:00.000 UTC,51482997,636081,817990,41575,2024-12-18 00:00:00+00:00
246806,22174,2024-12-17 00:00:00.000 UTC,51482997,636081,817990,41575,2024-12-17 00:00:00+00:00
258543,22172,2024-12-16 00:00:00.000 UTC,51482997,636081,817990,41575,2024-12-16 00:00:00+00:00
241197,20017,2024-12-15 00:00:00.000 UTC,51482997,636081,817990,41575,2024-12-15 00:00:00+00:00
274529,23472,2024-12-14 00:00:00.000 UTC,51482997,636081,817990,41575,2024-12-14 00:00:00+00:00
303816,25895,2024-12-13 00:00:00.000 UTC,51482997,636081,817990,41575,2024-12-13 00:00:00+00:00
312570,25318,2024-12-12 00:00:00.000 UTC,51482997,636081,817990,41575,2024-12-12 00:00:00+00:00
302000,26732,2024-12-11 00:00:00.000 UTC,51482997,636081,817990,41575,2024-12-11 00:00:00+00:00
317757,26336,2024-12-10 00:00:00.000 UTC,51482997,636081,817990,41575,2024-12-10 00:00:00+00:00
283884,21133,2024-12-09 00:00:00.000 UTC,51482997,636081,817990,41575,2024-12-09 00:00:00+00:00
263033,21026,2024-12-08 00:00:00.000 UTC,51482997,636081,817990,41575,2024-12-08 00:00:00+00:00
252766,20482,2024-12-07 00:00:00.000 UTC,51482997,636081,817990,41575,2024-12-07 00:00:00+00:00
235816,21718,2024-12-06 00:00:00.000 UTC,51482997,636081,817990,41575,2024-12-06 00:00:00+00:00
260310,23014,2024-12-05 00:00:00.000 UTC,51482997,636081,817990,41575,2024-12-05 00:00:00+00:00
265530,21868,2024-12-04 00:00:00.000 UTC,51482997,636081,817990,41575,2024-12-04 00:00:00+00:00
316109,24193,2024-12-03 00:00:00.000 UTC,51482997,636081,817990,41575,2024-12-03 00:00:00+00:00
341284,25049,2024-12-02 00:00:00.000 UTC,51482997,636081,817990,41575,2024-12-02 00:00:00+00:00
324997,22738,2024-12-01 00:00:00.000 UTC,51482997,636081,817990,41575,2024-12-01 00:00:00+00:00
298488,21959,2024-11-30 00:00:00.000 UTC,51482997,636081,817990,41575,2024-11-30 00:00:00+00:00
337023,24687,2024-11-29 00:00:00.000 UTC,51482997,636081,817990,41575,2024-11-29 00:00:00+00:00
368594,25485,2024-11-28 00:00:00.000 UTC,51482997,636081,817990,41575,2024-11-28 00:00:00+00:00
369035,26176,2024-11-27 00:00:00.000 UTC,51482997,636081,817990,41575,2024-11-27 00:00:00+00:00
317524,22613,2024-11-26 00:00:00.000 UTC,51482997,636081,817990,41575,2024-11-26 00:00:00+00:00
325428,24589,2024-11-25 00:00:00.000 UTC,51482997,636081,817990,41575,2024-11-25 00:00:00+00:00
350669,24554,2024-11-24 00:00:00.000 UTC,51482997,636081,817990,41575,2024-11-24 00:00:00+00:00
344264,25038,2024-11-23 00:00:00.000 UTC,51482997,636081,817990,41575,2024-11-23 00:00:00+00:00
400778,29059,2024-11-22 00:00:00.000 UTC,51482997,636081,817990,41575,2024-11-22 00:00:00+00:00
352101,29003,2024-11-21 00:00:00.000 UTC,51482997,636081,817990,41575,2024-11-21 00:00:00+00:00
436640,29481,2024-11-20 00:00:00.000 UTC,51482997,636081,817990,41575,2024-11-20 00:00:00+00:00
478382,31267,2024-11-19 00:00:00.000 UTC,51482997,636081,817990,41575,2024-11-19 00:00:00+00:00
495998,29477,2024-11-18 00:00:00.000 UTC,51482997,636081,817990,41575,2024-11-18 00:00:00+00:00
449910,25327,2024-11-17 00:00:00.000 UTC,51482997,636081,817990,41575,2024-11-17 00:00:00+00:00
346736,21652,2024-11-16 00:00:00.000 UTC,51482997,636081,817990,41575,2024-11-16 00:00:00+00:00
339777,21548,2024-11-15 00:00:00.000 UTC,51482997,636081,817990,41575,2024-11-15 00:00:00+00:00
305323,19692,2024-11-14 00:00:00.000 UTC,51482997,636081,817990,41575,2024-11-14 00:00:00+00:00
192089,14474,2024-11-13 00:00:00.000 UTC,51482997,636081,817990,41575,2024-11-13 00:00:00+00:00
171985,12032,2024-11-12 00:00:00.000 UTC,51482997,636081,817990,41575,2024-11-12 00:00:00+00:00
148123,11090,2024-11-11 00:00:00.000 UTC,51482997,636081,817990,41575,2024-11-11 00:00:00+00:00
112155,7939,2024-11-10 00:00:00.000 UTC,51482997,636081,817990,41575,2024-11-10 00:00:00+00:00
98854,7586,2024-11-09 00:00:00.000 UTC,51482997,636081,817990,41575,2024-11-09 00:00:00+00:00
108813,8300,2024-11-08 00:00:00.000 UTC,51482997,636081,817990,41575,2024-11-08 00:00:00+00:00
112175,8242,2024-11-07 00:00:00.000 UTC,51482997,636081,817990,41575,2024-11-07 00:00:00+00:00
114833,8256,2024-11-06 00:00:00.000 UTC,51482997,636081,817990,41575,2024-11-06 00:00:00+00:00
105090,7422,2024-11-05 00:00:00.000 UTC,51482997,636081,817990,41575,2024-11-05 00:00:00+00:00
103134,7180,2024-11-04 00:00:00.000 UTC,51482997,636081,817990,41575,2024-11-04 00:00:00+00:00
116714,7271,2024-11-03 00:00:00.000 UTC,51482997,636081,817990,41575,2024-11-03 00:00:00+00:00
92157,6576,2024-11-02 00:00:00.000 UTC,51482997,636081,817990,41575,2024-11-02 00:00:00+00:00
88368,6497,2024-11-01 00:00:00.000 UTC,51482997,636081,817990,41575,2024-11-01 00:00:00+00:00
103638,7568,2024-10-31 00:00:00.000 UTC,51482997,636081,817990,41575,2024-10-31 00:00:00+00:00
108889,7623,2024-10-30 00:00:00.000 UTC,51482997,636081,817990,41575,2024-10-30 00:00:00+00:00
122165,8222,2024-10-29 00:00:00.000 UTC,51482997,636081,817990,41575,2024-10-29 00:00:00+00:00
102070,7424,2024-10-28 00:00:00.000 UTC,51482997,636081,817990,41575,2024-10-28 00:00:00+00:00
118754,7757,2024-10-27 00:00:00.000 UTC,51482997,636081,817990,41575,2024-10-27 00:00:00+00:00
94987,6312,2024-10-26 00:00:00.000 UTC,51482997,636081,817990,41575,2024-10-26 00:00:00+00:00
98217,6641,2024-10-25 00:00:00.000 UTC,51482997,636081,817990,41575,2024-10-25 00:00:00+00:00
113288,6853,2024-10-24 00:00:00.000 UTC,51482997,636081,817990,41575,2024-10-24 00:00:00+00:00
111803,6845,2024-10-23 00:00:00.000 UTC,51482997,636081,817990,41575,2024-10-23 00:00:00+00:00
99029,6257,2024-10-22 00:00:00.000 UTC,51482997,636081,817990,41575,2024-10-22 00:00:00+00:00
87039,5736,2024-10-21 00:00:00.000 UTC,51482997,636081,817990,41575,2024-10-21 00:00:00+00:00
78261,4931,2024-10-20 00:00:00.000 UTC,51482997,636081,817990,41575,2024-10-20 00:00:00+00:00
108374,5679,2024-10-19 00:00:00.000 UTC,51482997,636081,817990,41575,2024-10-19 00:00:00+00:00
81859,5206,2024-10-18 00:00:00.000 UTC,51482997,636081,817990,41575,2024-10-18 00:00:00+00:00
71000,4754,2024-10-17 00:00:00.000 UTC,51482997,636081,817990,41575,2024-10-17 00:00:00+00:00
71043,4514,2024-10-16 00:00:00.000 UTC,51482997,636081,817990,41575,2024-10-16 00:00:00+00:00
60510,4189,2024-10-15 00:00:00.000 UTC,51482997,636081,817990,41575,2024-10-15 00:00:00+00:00
56162,4083,2024-10-14 00:00:00.000 UTC,51482997,636081,817990,41575,2024-10-14 00:00:00+00:00
48036,3567,2024-10-13 00:00:00.000 UTC,51482997,636081,817990,41575,2024-10-13 00:00:00+00:00
44111,3420,2024-10-12 00:00:00.000 UTC,51482997,636081,817990,41575,2024-10-12 00:00:00+00:00
40597,3171,2024-10-11 00:00:00.000 UTC,51482997,636081,817990,41575,2024-10-11 00:00:00+00:00
36454,2945,2024-10-10 00:00:00.000 UTC,51482997,636081,817990,41575,2024-10-10 00:00:00+00:00
36664,2900,2024-10-09 00:00:00.000 UTC,51482997,636081,817990,41575,2024-10-09 00:00:00+00:00
28123,2546,2024-10-08 00:00:00.000 UTC,51482997,636081,817990,41575,2024-10-08 00:00:00+00:00
32650,2738,2024-10-07 00:00:00.000 UTC,51482997,636081,817990,41575,2024-10-07 00:00:00+00:00
37843,2677,2024-10-06 00:00:00.000 UTC,51482997,636081,817990,41575,2024-10-06 00:00:00+00:00
40035,2611,2024-10-05 00:00:00.000 UTC,51482997,636081,817990,41575,2024-10-05 00:00:00+00:00
33187,2363,2024-10-04 00:00:00.000 UTC,51482997,636081,817990,41575,2024-10-04 00:00:00+00:00
33985,2455,2024-10-03 00:00:00.000 UTC,51482997,636081,817990,41575,2024-10-03 00:00:00+00:00
34436,2475,2024-10-02 00:00:00.000 UTC,51482997,636081,817990,41575,2024-10-02 00:00:00+00:00
26866,2293,2024-10-01 00:00:00.000 UTC,51482997,636081,817990,41575,2024-10-01 00:00:00+00:00
31330,2581,2024-09-30 00:00:00.000 UTC,51482997,636081,817990,41575,2024-09-30 00:00:00+00:00
38215,2916,2024-09-29 00:00:00.000 UTC,51482997,636081,817990,41575,2024-09-29 00:00:00+00:00
34667,2883,2024-09-28 00:00:00.000 UTC,51482997,636081,817990,41575,2024-09-28 00:00:00+00:00
36246,3059,2024-09-27 00:00:00.000 UTC,51482997,636081,817990,41575,2024-09-27 00:00:00+00:00
28933,2343,2024-09-26 00:00:00.000 UTC,51482997,636081,817990,41575,2024-09-26 00:00:00+00:00
16332,1537,2024-09-25 00:00:00.000 UTC,51482997,636081,817990,41575,2024-09-25 00:00:00+00:00
14720,1336,2024-09-24 00:00:00.000 UTC,51482997,636081,817990,41575,2024-09-24 00:00:00+00:00
13029,1209,2024-09-23 00:00:00.000 UTC,51482997,636081,817990,41575,2024-09-23 00:00:00+00:00
13448,1186,2024-09-22 00:00:00.000 UTC,51482997,636081,817990,41575,2024-09-22 00:00:00+00:00
11460,1122,2024-09-21 00:00:00.000 UTC,51482997,636081,817990,41575,2024-09-21 00:00:00+00:00
11143,1125,2024-09-20 00:00:00.000 UTC,51482997,636081,817990,41575,2024-09-20 00:00:00+00:00
11826,1114,2024-09-19 00:00:00.000 UTC,51482997,636081,817990,41575,2024-09-19 00:00:00+00:00
12693,1123,2024-09-18 00:00:00.000 UTC,51482997,636081,817990,41575,2024-09-18 00:00:00+00:00
11288,899,2024-09-17 00:00:00.000 UTC,51482997,636081,817990,41575,2024-09-17 00:00:00+00:00
9739,951,2024-09-16 00:00:00.000 UTC,51482997,636081,817990,41575,2024-09-16 00:00:00+00:00
10071,955,2024-09-15 00:00:00.000 UTC,51482997,636081,817990,41575,2024-09-15 00:00:00+00:00
9273,915,2024-09-14 00:00:00.000 UTC,51482997,636081,817990,41575,2024-09-14 00:00:00+00:00
10263,1022,2024-09-13 00:00:00.000 UTC,51482997,636081,817990,41575,2024-09-13 00:00:00+00:00
11709,1208,2024-09-12 00:00:00.000 UTC,51482997,636081,817990,41575,2024-09-12 00:00:00+00:00
11015,1014,2024-09-11 00:00:00.000 UTC,51482997,636081,817990,41575,2024-09-11 00:00:00+00:00
12289,1124,2024-09-10 00:00:00.000 UTC,51482997,636081,817990,41575,2024-09-10 00:00:00+00:00
11824,1082,2024-09-09 00:00:00.000 UTC,51482997,636081,817990,41575,2024-09-09 00:00:00+00:00
11042,959,2024-09-08 00:00:00.000 UTC,51482997,636081,817990,41575,2024-09-08 00:00:00+00:00
10365,974,2024-09-07 00:00:00.000 UTC,51482997,636081,817990,41575,2024-09-07 00:00:00+00:00
11496,1067,2024-09-06 00:00:00.000 UTC,51482997,636081,817990,41575,2024-09-06 00:00:00+00:00
12872,1136,2024-09-05 00:00:00.000 UTC,51482997,636081,817990,41575,2024-09-05 00:00:00+00:00
13976,1191,2024-09-04 00:00:00.000 UTC,51482997,636081,817990,41575,2024-09-04 00:00:00+00:00
16270,1371,2024-09-03 00:00:00.000 UTC,51482997,636081,817990,41575,2024-09-03 00:00:00+00:00
14143,1166,2024-09-02 00:00:00.000 UTC,51482997,636081,817990,41575,2024-09-02 00:00:00+00:00
13022,1065,2024-09-01 00:00:00.000 UTC,51482997,636081,817990,41575,2024-09-01 00:00:00+00:00
10659,1006,2024-08-31 00:00:00.000 UTC,51482997,636081,817990,41575,2024-08-31 00:00:00+00:00
10831,1017,2024-08-30 00:00:00.000 UTC,51482997,636081,817990,41575,2024-08-30 00:00:00+00:00
14035,1230,2024-08-29 00:00:00.000 UTC,51482997,636081,817990,41575,2024-08-29 00:00:00+00:00
12987,1105,2024-08-28 00:00:00.000 UTC,51482997,636081,817990,41575,2024-08-28 00:00:00+00:00
13612,1166,2024-08-27 00:00:00.000 UTC,51482997,636081,817990,41575,2024-08-27 00:00:00+00:00
11208,1102,2024-08-26 00:00:00.000 UTC,51482997,636081,817990,41575,2024-08-26 00:00:00+00:00
11701,1048,2024-08-25 00:00:00.000 UTC,51482997,636081,817990,41575,2024-08-25 00:00:00+00:00
14408,1244,2024-08-24 00:00:00.000 UTC,51482997,636081,817990,41575,2024-08-24 00:00:00+00:00
16739,1281,2024-08-23 00:00:00.000 UTC,51482997,636081,817990,41575,2024-08-23 00:00:00+00:00
14401,1068,2024-08-22 00:00:00.000 UTC,51482997,636081,817990,41575,2024-08-22 00:00:00+00:00
9811,1092,2024-08-21 00:00:00.000 UTC,51482997,636081,817990,41575,2024-08-21 00:00:00+00:00
13382,1282,2024-08-20 00:00:00.000 UTC,51482997,636081,817990,41575,2024-08-20 00:00:00+00:00
21981,1518,2024-08-19 00:00:00.000 UTC,51482997,636081,817990,41575,2024-08-19 00:00:00+00:00
19256,1521,2024-08-18 00:00:00.000 UTC,51482997,636081,817990,41575,2024-08-18 00:00:00+00:00
17353,1371,2024-08-17 00:00:00.000 UTC,51482997,636081,817990,41575,2024-08-17 00:00:00+00:00
19653,1671,2024-08-16 00:00:00.000 UTC,51482997,636081,817990,41575,2024-08-16 00:00:00+00:00
24272,1818,2024-08-15 00:00:00.000 UTC,51482997,636081,817990,41575,2024-08-15 00:00:00+00:00
24822,1888,2024-08-14 00:00:00.000 UTC,51482997,636081,817990,41575,2024-08-14 00:00:00+00:00
27495,2274,2024-08-13 00:00:00.000 UTC,51482997,636081,817990,41575,2024-08-13 00:00:00+00:00
27181,2209,2024-08-12 00:00:00.000 UTC,51482997,636081,817990,41575,2024-08-12 00:00:00+00:00
23446,1947,2024-08-11 00:00:00.000 UTC,51482997,636081,817990,41575,2024-08-11 00:00:00+00:00
26180,2048,2024-08-10 00:00:00.000 UTC,51482997,636081,817990,41575,2024-08-10 00:00:00+00:00
28242,2176,2024-08-09 00:00:00.000 UTC,51482997,636081,817990,41575,2024-08-09 00:00:00+00:00
32352,2272,2024-08-08 00:00:00.000 UTC,51482997,636081,817990,41575,2024-08-08 00:00:00+00:00
34064,2427,2024-08-07 00:00:00.000 UTC,51482997,636081,817990,41575,2024-08-07 00:00:00+00:00
30378,2180,2024-08-06 00:00:00.000 UTC,51482997,636081,817990,41575,2024-08-06 00:00:00+00:00
21778,1713,2024-08-05 00:00:00.000 UTC,51482997,636081,817990,41575,2024-08-05 00:00:00+00:00
25016,1910,2024-08-04 00:00:00.000 UTC,51482997,636081,817990,41575,2024-08-04 00:00:00+00:00
26551,2087,2024-08-03 00:00:00.000 UTC,51482997,636081,817990,41575,2024-08-03 00:00:00+00:00
31578,2351,2024-08-02 00:00:00.000 UTC,51482997,636081,817990,41575,2024-08-02 00:00:00+00:00
33726,2770,2024-08-01 00:00:00.000 UTC,51482997,636081,817990,41575,2024-08-01 00:00:00+00:00
42408,2835,2024-07-31 00:00:00.000 UTC,51482997,636081,817990,41575,2024-07-31 00:00:00+00:00
36371,2835,2024-07-30 00:00:00.000 UTC,51482997,636081,817990,41575,2024-07-30 00:00:00+00:00
27734,2490,2024-07-29 00:00:00.000 UTC,51482997,636081,817990,41575,2024-07-29 00:00:00+00:00
31336,2389,2024-07-28 00:00:00.000 UTC,51482997,636081,817990,41575,2024-07-28 00:00:00+00:00
23785,2057,2024-07-27 00:00:00.000 UTC,51482997,636081,817990,41575,2024-07-27 00:00:00+00:00
21026,1765,2024-07-26 00:00:00.000 UTC,51482997,636081,817990,41575,2024-07-26 00:00:00+00:00
19299,1659,2024-07-25 00:00:00.000 UTC,51482997,636081,817990,41575,2024-07-25 00:00:00+00:00
20230,1628,2024-07-24 00:00:00.000 UTC,51482997,636081,817990,41575,2024-07-24 00:00:00+00:00
21526,1833,2024-07-23 00:00:00.000 UTC,51482997,636081,817990,41575,2024-07-23 00:00:00+00:00
18689,1685,2024-07-22 00:00:00.000 UTC,51482997,636081,817990,41575,2024-07-22 00:00:00+00:00
19872,1620,2024-07-21 00:00:00.000 UTC,51482997,636081,817990,41575,2024-07-21 00:00:00+00:00
15632,1366,2024-07-20 00:00:00.000 UTC,51482997,636081,817990,41575,2024-07-20 00:00:00+00:00
17423,1409,2024-07-19 00:00:00.000 UTC,51482997,636081,817990,41575,2024-07-19 00:00:00+00:00
17847,1478,2024-07-18 00:00:00.000 UTC,51482997,636081,817990,41575,2024-07-18 00:00:00+00:00
18335,1617,2024-07-17 00:00:00.000 UTC,51482997,636081,817990,41575,2024-07-17 00:00:00+00:00
21133,1730,2024-07-16 00:00:00.000 UTC,51482997,636081,817990,41575,2024-07-16 00:00:00+00:00
26660,1733,2024-07-15 00:00:00.000 UTC,51482997,636081,817990,41575,2024-07-15 00:00:00+00:00
21667,1525,2024-07-14 00:00:00.000 UTC,51482997,636081,817990,41575,2024-07-14 00:00:00+00:00
18126,1199,2024-07-13 00:00:00.000 UTC,51482997,636081,817990,41575,2024-07-13 00:00:00+00:00
17732,1192,2024-07-12 00:00:00.000 UTC,51482997,636081,817990,41575,2024-07-12 00:00:00+00:00
16359,1204,2024-07-11 00:00:00.000 UTC,51482997,636081,817990,41575,2024-07-11 00:00:00+00:00
15478,1152,2024-07-10 00:00:00.000 UTC,51482997,636081,817990,41575,2024-07-10 00:00:00+00:00
15546,1113,2024-07-09 00:00:00.000 UTC,51482997,636081,817990,41575,2024-07-09 00:00:00+00:00
16615,1102,2024-07-08 00:00:00.000 UTC,51482997,636081,817990,41575,2024-07-08 00:00:00+00:00
16473,1120,2024-07-07 00:00:00.000 UTC,51482997,636081,817990,41575,2024-07-07 00:00:00+00:00
18385,1050,2024-07-06 00:00:00.000 UTC,51482997,636081,817990,41575,2024-07-06 00:00:00+00:00
16574,1044,2024-07-05 00:00:00.000 UTC,51482997,636081,817990,41575,2024-07-05 00:00:00+00:00
15752,1107,2024-07-04 00:00:00.000 UTC,51482997,636081,817990,41575,2024-07-04 00:00:00+00:00
16004,1243,2024-07-03 00:00:00.000 UTC,51482997,636081,817990,41575,2024-07-03 00:00:00+00:00
14444,1239,2024-07-02 00:00:00.000 UTC,51482997,636081,817990,41575,2024-07-02 00:00:00+00:00
18047,1310,2024-07-01 00:00:00.000 UTC,51482997,636081,817990,41575,2024-07-01 00:00:00+00:00
19491,1198,2024-06-30 00:00:00.000 UTC,51482997,636081,817990,41575,2024-06-30 00:00:00+00:00
19058,1207,2024-06-29 00:00:00.000 UTC,51482997,636081,817990,41575,2024-06-29 00:00:00+00:00
20225,1398,2024-06-28 00:00:00.000 UTC,51482997,636081,817990,41575,2024-06-28 00:00:00+00:00
19508,1510,2024-06-27 00:00:00.000 UTC,51482997,636081,817990,41575,2024-06-27 00:00:00+00:00
21450,1594,2024-06-26 00:00:00.000 UTC,51482997,636081,817990,41575,2024-06-26 00:00:00+00:00
18648,1261,2024-06-25 00:00:00.000 UTC,51482997,636081,817990,41575,2024-06-25 00:00:00+00:00
16454,1209,2024-06-24 00:00:00.000 UTC,51482997,636081,817990,41575,2024-06-24 00:00:00+00:00
19671,1146,2024-06-23 00:00:00.000 UTC,51482997,636081,817990,41575,2024-06-23 00:00:00+00:00
19232,1194,2024-06-22 00:00:00.000 UTC,51482997,636081,817990,41575,2024-06-22 00:00:00+00:00
23980,1541,2024-06-21 00:00:00.000 UTC,51482997,636081,817990,41575,2024-06-21 00:00:00+00:00
21652,1544,2024-06-20 00:00:00.000 UTC,51482997,636081,817990,41575,2024-06-20 00:00:00+00:00
21209,1419,2024-06-19 00:00:00.000 UTC,51482997,636081,817990,41575,2024-06-19 00:00:00+00:00
20577,1394,2024-06-18 00:00:00.000 UTC,51482997,636081,817990,41575,2024-06-18 00:00:00+00:00
19100,1331,2024-06-17 00:00:00.000 UTC,51482997,636081,817990,41575,2024-06-17 00:00:00+00:00
15486,1174,2024-06-16 00:00:00.000 UTC,51482997,636081,817990,41575,2024-06-16 00:00:00+00:00
12400,1028,2024-06-15 00:00:00.000 UTC,51482997,636081,817990,41575,2024-06-15 00:00:00+00:00
14941,1345,2024-06-14 00:00:00.000 UTC,51482997,636081,817990,41575,2024-06-14 00:00:00+00:00
19273,1477,2024-06-13 00:00:00.000 UTC,51482997,636081,817990,41575,2024-06-13 00:00:00+00:00
21027,1574,2024-06-12 00:00:00.000 UTC,51482997,636081,817990,41575,2024-06-12 00:00:00+00:00
15056,1468,2024-06-11 00:00:00.000 UTC,51482997,636081,817990,41575,2024-06-11 00:00:00+00:00
16483,1455,2024-06-10 00:00:00.000 UTC,51482997,636081,817990,41575,2024-06-10 00:00:00+00:00
17769,1473,2024-06-09 00:00:00.000 UTC,51482997,636081,817990,41575,2024-06-09 00:00:00+00:00
17031,1442,2024-06-08 00:00:00.000 UTC,51482997,636081,817990,41575,2024-06-08 00:00:00+00:00
13876,1344,2024-06-07 00:00:00.000 UTC,51482997,636081,817990,41575,2024-06-07 00:00:00+00:00
10515,1136,2024-06-06 00:00:00.000 UTC,51482997,636081,817990,41575,2024-06-06 00:00:00+00:00
9423,1102,2024-06-05 00:00:00.000 UTC,51482997,636081,817990,41575,2024-06-05 00:00:00+00:00
10556,1091,2024-06-04 00:00:00.000 UTC,51482997,636081,817990,41575,2024-06-04 00:00:00+00:00
12212,1233,2024-06-03 00:00:00.000 UTC,51482997,636081,817990,41575,2024-06-03 00:00:00+00:00
13067,1247,2024-06-02 00:00:00.000 UTC,51482997,636081,817990,41575,2024-06-02 00:00:00+00:00
12919,1213,2024-06-01 00:00:00.000 UTC,51482997,636081,817990,41575,2024-06-01 00:00:00+00:00
13417,1221,2024-05-31 00:00:00.000 UTC,51482997,636081,817990,41575,2024-05-31 00:00:00+00:00
14739,1306,2024-05-30 00:00:00.000 UTC,51482997,636081,817990,41575,2024-05-30 00:00:00+00:00
16722,1484,2024-05-29 00:00:00.000 UTC,51482997,636081,817990,41575,2024-05-29 00:00:00+00:00
15133,1403,2024-05-28 00:00:00.000 UTC,51482997,636081,817990,41575,2024-05-28 00:00:00+00:00
15162,1460,2024-05-27 00:00:00.000 UTC,51482997,636081,817990,41575,2024-05-27 00:00:00+00:00
11347,1062,2024-05-26 00:00:00.000 UTC,51482997,636081,817990,41575,2024-05-26 00:00:00+00:00
10410,974,2024-05-25 00:00:00.000 UTC,51482997,636081,817990,41575,2024-05-25 00:00:00+00:00
12130,1058,2024-05-24 00:00:00.000 UTC,51482997,636081,817990,41575,2024-05-24 00:00:00+00:00
8784,961,2024-05-23 00:00:00.000 UTC,51482997,636081,817990,41575,2024-05-23 00:00:00+00:00
8202,959,2024-05-22 00:00:00.000 UTC,51482997,636081,817990,41575,2024-05-22 00:00:00+00:00
8750,1001,2024-05-21 00:00:00.000 UTC,51482997,636081,817990,41575,2024-05-21 00:00:00+00:00
10040,1104,2024-05-20 00:00:00.000 UTC,51482997,636081,817990,41575,2024-05-20 00:00:00+00:00
10095,1078,2024-05-19 00:00:00.000 UTC,51482997,636081,817990,41575,2024-05-19 00:00:00+00:00
9037,1006,2024-05-18 00:00:00.000 UTC,51482997,636081,817990,41575,2024-05-18 00:00:00+00:00
7714,950,2024-05-17 00:00:00.000 UTC,51482997,636081,817990,41575,2024-05-17 00:00:00+00:00
9848,1160,2024-05-16 00:00:00.000 UTC,51482997,636081,817990,41575,2024-05-16 00:00:00+00:00
11243,1178,2024-05-15 00:00:00.000 UTC,51482997,636081,817990,41575,2024-05-15 00:00:00+00:00
10290,1171,2024-05-14 00:00:00.000 UTC,51482997,636081,817990,41575,2024-05-14 00:00:00+00:00
14586,1224,2024-05-13 00:00:00.000 UTC,51482997,636081,817990,41575,2024-05-13 00:00:00+00:00
13950,1032,2024-05-12 00:00:00.000 UTC,51482997,636081,817990,41575,2024-05-12 00:00:00+00:00
9486,810,2024-05-11 00:00:00.000 UTC,51482997,636081,817990,41575,2024-05-11 00:00:00+00:00
8540,815,2024-05-10 00:00:00.000 UTC,51482997,636081,817990,41575,2024-05-10 00:00:00+00:00
9850,888,2024-05-09 00:00:00.000 UTC,51482997,636081,817990,41575,2024-05-09 00:00:00+00:00
8340,750,2024-05-08 00:00:00.000 UTC,51482997,636081,817990,41575,2024-05-08 00:00:00+00:00
7976,792,2024-05-07 00:00:00.000 UTC,51482997,636081,817990,41575,2024-05-07 00:00:00+00:00
8470,795,2024-05-06 00:00:00.000 UTC,51482997,636081,817990,41575,2024-05-06 00:00:00+00:00
8508,664,2024-05-05 00:00:00.000 UTC,51482997,636081,817990,41575,2024-05-05 00:00:00+00:00
9673,697,2024-05-04 00:00:00.000 UTC,51482997,636081,817990,41575,2024-05-04 00:00:00+00:00
7379,697,2024-05-03 00:00:00.000 UTC,51482997,636081,817990,41575,2024-05-03 00:00:00+00:00
6255,612,2024-05-02 00:00:00.000 UTC,51482997,636081,817990,41575,2024-05-02 00:00:00+00:00
5151,545,2024-05-01 00:00:00.000 UTC,51482997,636081,817990,41575,2024-05-01 00:00:00+00:00
6718,644,2024-04-30 00:00:00.000 UTC,51482997,636081,817990,41575,2024-04-30 00:00:00+00:00
7256,722,2024-04-29 00:00:00.000 UTC,51482997,636081,817990,41575,2024-04-29 00:00:00+00:00
6802,684,2024-04-28 00:00:00.000 UTC,51482997,636081,817990,41575,2024-04-28 00:00:00+00:00
5222,611,2024-04-27 00:00:00.000 UTC,51482997,636081,817990,41575,2024-04-27 00:00:00+00:00
4009,671,2024-04-26 00:00:00.000 UTC,51482997,636081,817990,41575,2024-04-26 00:00:00+00:00
2882,450,2024-04-25 00:00:00.000 UTC,51482997,636081,817990,41575,2024-04-25 00:00:00+00:00
2819,401,2024-04-24 00:00:00.000 UTC,51482997,636081,817990,41575,2024-04-24 00:00:00+00:00
3273,413,2024-04-23 00:00:00.000 UTC,51482997,636081,817990,41575,2024-04-23 00:00:00+00:00
2734,362,2024-04-22 00:00:00.000 UTC,51482997,636081,817990,41575,2024-04-22 00:00:00+00:00
2069,234,2024-04-21 00:00:00.000 UTC,51482997,636081,817990,41575,2024-04-21 00:00:00+00:00
2123,200,2024-04-20 00:00:00.000 UTC,51482997,636081,817990,41575,2024-04-20 00:00:00+00:00
1783,228,2024-04-19 00:00:00.000 UTC,51482997,636081,817990,41575,2024-04-19 00:00:00+00:00
2274,234,2024-04-18 00:00:00.000 UTC,51482997,636081,817990,41575,2024-04-18 00:00:00+00:00
1409,221,2024-04-17 00:00:00.000 UTC,51482997,636081,817990,41575,2024-04-17 00:00:00+00:00
1719,268,2024-04-16 00:00:00.000 UTC,51482997,636081,817990,41575,2024-04-16 00:00:00+00:00
1642,252,2024-04-15 00:00:00.000 UTC,51482997,636081,817990,41575,2024-04-15 00:00:00+00:00
1254,180,2024-04-14 00:00:00.000 UTC,51482997,636081,817990,41575,2024-04-14 00:00:00+00:00
1446,216,2024-04-13 00:00:00.000 UTC,51482997,636081,817990,41575,2024-04-13 00:00:00+00:00
1905,278,2024-04-12 00:00:00.000 UTC,51482997,636081,817990,41575,2024-04-12 00:00:00+00:00
2130,346,2024-04-11 00:00:00.000 UTC,51482997,636081,817990,41575,2024-04-11 00:00:00+00:00
1159,238,2024-04-10 00:00:00.000 UTC,51482997,636081,817990,41575,2024-04-10 00:00:00+00:00
2413,389,2024-04-09 00:00:00.000 UTC,51482997,636081,817990,41575,2024-04-09 00:00:00+00:00
2770,406,2024-04-08 00:00:00.000 UTC,51482997,636081,817990,41575,2024-04-08 00:00:00+00:00
3090,433,2024-04-07 00:00:00.000 UTC,51482997,636081,817990,41575,2024-04-07 00:00:00+00:00
2326,349,2024-04-06 00:00:00.000 UTC,51482997,636081,817990,41575,2024-04-06 00:00:00+00:00
2301,296,2024-04-05 00:00:00.000 UTC,51482997,636081,817990,41575,2024-04-05 00:00:00+00:00
2463,302,2024-04-04 00:00:00.000 UTC,51482997,636081,817990,41575,2024-04-04 00:00:00+00:00
2865,318,2024-04-03 00:00:00.000 UTC,51482997,636081,817990,41575,2024-04-03 00:00:00+00:00
2985,296,2024-04-02 00:00:00.000 UTC,51482997,636081,817990,41575,2024-04-02 00:00:00+00:00
3162,328,2024-04-01 00:00:00.000 UTC,51482997,636081,817990,41575,2024-04-01 00:00:00+00:00
2657,241,2024-03-31 00:00:00.000 UTC,51482997,636081,817990,41575,2024-03-31 00:00:00+00:00
2414,209,2024-03-30 00:00:00.000 UTC,51482997,636081,817990,41575,2024-03-30 00:00:00+00:00
1429,169,2024-03-29 00:00:00.000 UTC,51482997,636081,817990,41575,2024-03-29 00:00:00+00:00
1210,137,2024-03-28 00:00:00.000 UTC,51482997,636081,817990,41575,2024-03-28 00:00:00+00:00
1013,122,2024-03-27 00:00:00.000 UTC,51482997,636081,817990,41575,2024-03-27 00:00:00+00:00
912,131,2024-03-26 00:00:00.000 UTC,51482997,636081,817990,41575,2024-03-26 00:00:00+00:00
712,96,2024-03-25 00:00:00.000 UTC,51482997,636081,817990,41575,2024-03-25 00:00:00+00:00
962,75,2024-03-24 00:00:00.000 UTC,51482997,636081,817990,41575,2024-03-24 00:00:00+00:00
1115,113,2024-03-23 00:00:00.000 UTC,51482997,636081,817990,41575,2024-03-23 00:00:00+00:00
857,129,2024-03-22 00:00:00.000 UTC,51482997,636081,817990,41575,2024-03-22 00:00:00+00:00
684,130,2024-03-21 00:00:00.000 UTC,51482997,636081,817990,41575,2024-03-21 00:00:00+00:00
101,16,2024-03-20 00:00:00.000 UTC,51482997,636081,817990,41575,2024-03-20 00:00:00+00:00
