,Daily_Profit,GoPlus_Ecosystem_Profit,day,execution_id,query_id,state,submitted_at,execution_started_at,execution_ended_at,expires_at,cancelled_at
0,3006.0000000000023,3006.0000000000023,2024-03-07,01JE07B1R8HC4R3SBWRHDSNKT8,3932992,ExecutionState.COMPLETED,2024-12-01 04:23:26.218005+00:00,2024-12-01 04:23:27.905192+00:00,2024-12-01 04:27:15.369052+00:00,2025-03-01 04:27:15.369053+00:00,
1,17033.39999999999,14027.399999999987,2024-03-08,01JE07B1R8HC4R3SBWRHDSNKT8,3932992,ExecutionState.COMPLETED,2024-12-01 04:23:26.218005+00:00,2024-12-01 04:23:27.905192+00:00,2024-12-01 04:27:15.369052+00:00,2025-03-01 04:27:15.369053+00:00,
2,37662.89999999998,20629.499999999993,2024-03-09,01JE07B1R8HC4R3SBWRHDSNKT8,3932992,ExecutionState.COMPLETED,2024-12-01 04:23:26.218005+00:00,2024-12-01 04:23:27.905192+00:00,2024-12-01 04:27:15.369052+00:00,2025-03-01 04:27:15.369053+00:00,
3,62188.8,24525.900000000023,2024-03-10,01JE07B1R8HC4R3SBWRHDSNKT8,3932992,ExecutionState.COMPLETED,2024-12-01 04:23:26.218005+00:00,2024-12-01 04:23:27.905192+00:00,2024-12-01 04:27:15.369052+00:00,2025-03-01 04:27:15.369053+00:00,
4,79416.0,17227.2,2024-03-11,01JE07B1R8HC4R3SBWRHDSNKT8,3932992,ExecutionState.COMPLETED,2024-12-01 04:23:26.218005+00:00,2024-12-01 04:23:27.905192+00:00,2024-12-01 04:27:15.369052+00:00,2025-03-01 04:27:15.369053+00:00,
5,101754.90000000002,22338.900000000016,2024-03-12,01JE07B1R8HC4R3SBWRHDSNKT8,3932992,ExecutionState.COMPLETED,2024-12-01 04:23:26.218005+00:00,2024-12-01 04:23:27.905192+00:00,2024-12-01 04:27:15.369052+00:00,2025-03-01 04:27:15.369053+00:00,
6,125874.00000000003,24119.100000000013,2024-03-13,01JE07B1R8HC4R3SBWRHDSNKT8,3932992,ExecutionState.COMPLETED,2024-12-01 04:23:26.218005+00:00,2024-12-01 04:23:27.905192+00:00,2024-12-01 04:27:15.369052+00:00,2025-03-01 04:27:15.369053+00:00,
7,141290.10000000003,15416.099999999997,2024-03-14,01JE07B1R8HC4R3SBWRHDSNKT8,3932992,ExecutionState.COMPLETED,2024-12-01 04:23:26.218005+00:00,2024-12-01 04:23:27.905192+00:00,2024-12-01 04:27:15.369052+00:00,2025-03-01 04:27:15.369053+00:00,
8,168980.70000000004,27690.60000000001,2024-03-15,01JE07B1R8HC4R3SBWRHDSNKT8,3932992,ExecutionState.COMPLETED,2024-12-01 04:23:26.218005+00:00,2024-12-01 04:23:27.905192+00:00,2024-12-01 04:27:15.369052+00:00,2025-03-01 04:27:15.369053+00:00,
9,192454.80000000005,23474.10000000001,2024-03-16,01JE07B1R8HC4R3SBWRHDSNKT8,3932992,ExecutionState.COMPLETED,2024-12-01 04:23:26.218005+00:00,2024-12-01 04:23:27.905192+00:00,2024-12-01 04:27:15.369052+00:00,2025-03-01 04:27:15.369053+00:00,
10,209587.20000000004,17132.399999999998,2024-03-17,01JE07B1R8HC4R3SBWRHDSNKT8,3932992,ExecutionState.COMPLETED,2024-12-01 04:23:26.218005+00:00,2024-12-01 04:23:27.905192+00:00,2024-12-01 04:27:15.369052+00:00,2025-03-01 04:27:15.369053+00:00,
11,231275.70000000004,21688.5,2024-03-18,01JE07B1R8HC4R3SBWRHDSNKT8,3932992,ExecutionState.COMPLETED,2024-12-01 04:23:26.218005+00:00,2024-12-01 04:23:27.905192+00:00,2024-12-01 04:27:15.369052+00:00,2025-03-01 04:27:15.369053+00:00,
12,262817.10000000003,31541.400000000016,2024-03-19,01JE07B1R8HC4R3SBWRHDSNKT8,3932992,ExecutionState.COMPLETED,2024-12-01 04:23:26.218005+00:00,2024-12-01 04:23:27.905192+00:00,2024-12-01 04:27:15.369052+00:00,2025-03-01 04:27:15.369053+00:00,
13,287304.60000000003,24487.500000000004,2024-03-20,01JE07B1R8HC4R3SBWRHDSNKT8,3932992,ExecutionState.COMPLETED,2024-12-01 04:23:26.218005+00:00,2024-12-01 04:23:27.905192+00:00,2024-12-01 04:27:15.369052+00:00,2025-03-01 04:27:15.369053+00:00,
14,305074.5,17769.89999999999,2024-03-21,01JE07B1R8HC4R3SBWRHDSNKT8,3932992,ExecutionState.COMPLETED,2024-12-01 04:23:26.218005+00:00,2024-12-01 04:23:27.905192+00:00,2024-12-01 04:27:15.369052+00:00,2025-03-01 04:27:15.369053+00:00,
15,319327.8,14253.299999999988,2024-03-22,01JE07B1R8HC4R3SBWRHDSNKT8,3932992,ExecutionState.COMPLETED,2024-12-01 04:23:26.218005+00:00,2024-12-01 04:23:27.905192+00:00,2024-12-01 04:27:15.369052+00:00,2025-03-01 04:27:15.369053+00:00,
16,327935.1,8607.299999999985,2024-03-23,01JE07B1R8HC4R3SBWRHDSNKT8,3932992,ExecutionState.COMPLETED,2024-12-01 04:23:26.218005+00:00,2024-12-01 04:23:27.905192+00:00,2024-12-01 04:27:15.369052+00:00,2025-03-01 04:27:15.369053+00:00,
17,338657.99999999994,10722.899999999987,2024-03-24,01JE07B1R8HC4R3SBWRHDSNKT8,3932992,ExecutionState.COMPLETED,2024-12-01 04:23:26.218005+00:00,2024-12-01 04:23:27.905192+00:00,2024-12-01 04:27:15.369052+00:00,2025-03-01 04:27:15.369053+00:00,
18,352563.5999999999,13905.59999999998,2024-03-25,01JE07B1R8HC4R3SBWRHDSNKT8,3932992,ExecutionState.COMPLETED,2024-12-01 04:23:26.218005+00:00,2024-12-01 04:23:27.905192+00:00,2024-12-01 04:27:15.369052+00:00,2025-03-01 04:27:15.369053+00:00,
19,363603.8999999999,11040.299999999972,2024-03-26,01JE07B1R8HC4R3SBWRHDSNKT8,3932992,ExecutionState.COMPLETED,2024-12-01 04:23:26.218005+00:00,2024-12-01 04:23:27.905192+00:00,2024-12-01 04:27:15.369052+00:00,2025-03-01 04:27:15.369053+00:00,
20,374263.7999999999,10659.899999999987,2024-03-27,01JE07B1R8HC4R3SBWRHDSNKT8,3932992,ExecutionState.COMPLETED,2024-12-01 04:23:26.218005+00:00,2024-12-01 04:23:27.905192+00:00,2024-12-01 04:27:15.369052+00:00,2025-03-01 04:27:15.369053+00:00,
21,392151.89999999985,17888.099999999988,2024-03-28,01JE07B1R8HC4R3SBWRHDSNKT8,3932992,ExecutionState.COMPLETED,2024-12-01 04:23:26.218005+00:00,2024-12-01 04:23:27.905192+00:00,2024-12-01 04:27:15.369052+00:00,2025-03-01 04:27:15.369053+00:00,
22,402236.39999999985,10084.499999999996,2024-03-29,01JE07B1R8HC4R3SBWRHDSNKT8,3932992,ExecutionState.COMPLETED,2024-12-01 04:23:26.218005+00:00,2024-12-01 04:23:27.905192+00:00,2024-12-01 04:27:15.369052+00:00,2025-03-01 04:27:15.369053+00:00,
23,413033.09999999986,10796.7,2024-03-30,01JE07B1R8HC4R3SBWRHDSNKT8,3932992,ExecutionState.COMPLETED,2024-12-01 04:23:26.218005+00:00,2024-12-01 04:23:27.905192+00:00,2024-12-01 04:27:15.369052+00:00,2025-03-01 04:27:15.369053+00:00,
24,421577.39999999985,8544.300000000003,2024-03-31,01JE07B1R8HC4R3SBWRHDSNKT8,3932992,ExecutionState.COMPLETED,2024-12-01 04:23:26.218005+00:00,2024-12-01 04:23:27.905192+00:00,2024-12-01 04:27:15.369052+00:00,2025-03-01 04:27:15.369053+00:00,
25,431656.4999999998,10079.099999999991,2024-04-01,01JE07B1R8HC4R3SBWRHDSNKT8,3932992,ExecutionState.COMPLETED,2024-12-01 04:23:26.218005+00:00,2024-12-01 04:23:27.905192+00:00,2024-12-01 04:27:15.369052+00:00,2025-03-01 04:27:15.369053+00:00,
26,443527.1999999998,11870.69999999998,2024-04-02,01JE07B1R8HC4R3SBWRHDSNKT8,3932992,ExecutionState.COMPLETED,2024-12-01 04:23:26.218005+00:00,2024-12-01 04:23:27.905192+00:00,2024-12-01 04:27:15.369052+00:00,2025-03-01 04:27:15.369053+00:00,
27,450537.5999999998,7010.4000000000015,2024-04-03,01JE07B1R8HC4R3SBWRHDSNKT8,3932992,ExecutionState.COMPLETED,2024-12-01 04:23:26.218005+00:00,2024-12-01 04:23:27.905192+00:00,2024-12-01 04:27:15.369052+00:00,2025-03-01 04:27:15.369053+00:00,
28,460458.29999999976,9920.699999999975,2024-04-04,01JE07B1R8HC4R3SBWRHDSNKT8,3932992,ExecutionState.COMPLETED,2024-12-01 04:23:26.218005+00:00,2024-12-01 04:23:27.905192+00:00,2024-12-01 04:27:15.369052+00:00,2025-03-01 04:27:15.369053+00:00,
29,467285.3999999998,6827.100000000006,2024-04-05,01JE07B1R8HC4R3SBWRHDSNKT8,3932992,ExecutionState.COMPLETED,2024-12-01 04:23:26.218005+00:00,2024-12-01 04:23:27.905192+00:00,2024-12-01 04:27:15.369052+00:00,2025-03-01 04:27:15.369053+00:00,
30,476552.99999999977,9267.599999999993,2024-04-06,01JE07B1R8HC4R3SBWRHDSNKT8,3932992,ExecutionState.COMPLETED,2024-12-01 04:23:26.218005+00:00,2024-12-01 04:23:27.905192+00:00,2024-12-01 04:27:15.369052+00:00,2025-03-01 04:27:15.369053+00:00,
31,490876.1999999998,14323.199999999986,2024-04-07,01JE07B1R8HC4R3SBWRHDSNKT8,3932992,ExecutionState.COMPLETED,2024-12-01 04:23:26.218005+00:00,2024-12-01 04:23:27.905192+00:00,2024-12-01 04:27:15.369052+00:00,2025-03-01 04:27:15.369053+00:00,
32,501910.1999999998,11033.999999999982,2024-04-08,01JE07B1R8HC4R3SBWRHDSNKT8,3932992,ExecutionState.COMPLETED,2024-12-01 04:23:26.218005+00:00,2024-12-01 04:23:27.905192+00:00,2024-12-01 04:27:15.369052+00:00,2025-03-01 04:27:15.369053+00:00,
33,513821.99999999977,11911.799999999981,2024-04-09,01JE07B1R8HC4R3SBWRHDSNKT8,3932992,ExecutionState.COMPLETED,2024-12-01 04:23:26.218005+00:00,2024-12-01 04:23:27.905192+00:00,2024-12-01 04:27:15.369052+00:00,2025-03-01 04:27:15.369053+00:00,
34,525711.5999999997,11889.59999999998,2024-04-10,01JE07B1R8HC4R3SBWRHDSNKT8,3932992,ExecutionState.COMPLETED,2024-12-01 04:23:26.218005+00:00,2024-12-01 04:23:27.905192+00:00,2024-12-01 04:27:15.369052+00:00,2025-03-01 04:27:15.369053+00:00,
35,535931.0999999997,10219.499999999975,2024-04-11,01JE07B1R8HC4R3SBWRHDSNKT8,3932992,ExecutionState.COMPLETED,2024-12-01 04:23:26.218005+00:00,2024-12-01 04:23:27.905192+00:00,2024-12-01 04:27:15.369052+00:00,2025-03-01 04:27:15.369053+00:00,
36,546002.6999999997,10071.599999999977,2024-04-12,01JE07B1R8HC4R3SBWRHDSNKT8,3932992,ExecutionState.COMPLETED,2024-12-01 04:23:26.218005+00:00,2024-12-01 04:23:27.905192+00:00,2024-12-01 04:27:15.369052+00:00,2025-03-01 04:27:15.369053+00:00,
37,561161.6999999997,15158.999999999975,2024-04-13,01JE07B1R8HC4R3SBWRHDSNKT8,3932992,ExecutionState.COMPLETED,2024-12-01 04:23:26.218005+00:00,2024-12-01 04:23:27.905192+00:00,2024-12-01 04:27:15.369052+00:00,2025-03-01 04:27:15.369053+00:00,
38,573131.3999999997,11969.699999999979,2024-04-14,01JE07B1R8HC4R3SBWRHDSNKT8,3932992,ExecutionState.COMPLETED,2024-12-01 04:23:26.218005+00:00,2024-12-01 04:23:27.905192+00:00,2024-12-01 04:27:15.369052+00:00,2025-03-01 04:27:15.369053+00:00,
39,582815.0999999996,9683.699999999992,2024-04-15,01JE07B1R8HC4R3SBWRHDSNKT8,3932992,ExecutionState.COMPLETED,2024-12-01 04:23:26.218005+00:00,2024-12-01 04:23:27.905192+00:00,2024-12-01 04:27:15.369052+00:00,2025-03-01 04:27:15.369053+00:00,
40,592854.5999999996,10039.499999999985,2024-04-16,01JE07B1R8HC4R3SBWRHDSNKT8,3932992,ExecutionState.COMPLETED,2024-12-01 04:23:26.218005+00:00,2024-12-01 04:23:27.905192+00:00,2024-12-01 04:27:15.369052+00:00,2025-03-01 04:27:15.369053+00:00,
41,601593.2999999996,8738.699999999986,2024-04-17,01JE07B1R8HC4R3SBWRHDSNKT8,3932992,ExecutionState.COMPLETED,2024-12-01 04:23:26.218005+00:00,2024-12-01 04:23:27.905192+00:00,2024-12-01 04:27:15.369052+00:00,2025-03-01 04:27:15.369053+00:00,
42,607893.8999999996,6300.5999999999985,2024-04-18,01JE07B1R8HC4R3SBWRHDSNKT8,3932992,ExecutionState.COMPLETED,2024-12-01 04:23:26.218005+00:00,2024-12-01 04:23:27.905192+00:00,2024-12-01 04:27:15.369052+00:00,2025-03-01 04:27:15.369053+00:00,
43,614814.2999999996,6920.399999999994,2024-04-19,01JE07B1R8HC4R3SBWRHDSNKT8,3932992,ExecutionState.COMPLETED,2024-12-01 04:23:26.218005+00:00,2024-12-01 04:23:27.905192+00:00,2024-12-01 04:27:15.369052+00:00,2025-03-01 04:27:15.369053+00:00,
44,617750.6999999996,2936.4000000000015,2024-04-20,01JE07B1R8HC4R3SBWRHDSNKT8,3932992,ExecutionState.COMPLETED,2024-12-01 04:23:26.218005+00:00,2024-12-01 04:23:27.905192+00:00,2024-12-01 04:27:15.369052+00:00,2025-03-01 04:27:15.369053+00:00,
45,669850.1999999996,52099.49999999999,2024-04-21,01JE07B1R8HC4R3SBWRHDSNKT8,3932992,ExecutionState.COMPLETED,2024-12-01 04:23:26.218005+00:00,2024-12-01 04:23:27.905192+00:00,2024-12-01 04:27:15.369052+00:00,2025-03-01 04:27:15.369053+00:00,
46,726203.6999999996,56353.50000000005,2024-04-22,01JE07B1R8HC4R3SBWRHDSNKT8,3932992,ExecutionState.COMPLETED,2024-12-01 04:23:26.218005+00:00,2024-12-01 04:23:27.905192+00:00,2024-12-01 04:27:15.369052+00:00,2025-03-01 04:27:15.369053+00:00,
47,768151.4999999997,41947.80000000003,2024-04-23,01JE07B1R8HC4R3SBWRHDSNKT8,3932992,ExecutionState.COMPLETED,2024-12-01 04:23:26.218005+00:00,2024-12-01 04:23:27.905192+00:00,2024-12-01 04:27:15.369052+00:00,2025-03-01 04:27:15.369053+00:00,
48,794324.3999999997,26172.900000000034,2024-04-24,01JE07B1R8HC4R3SBWRHDSNKT8,3932992,ExecutionState.COMPLETED,2024-12-01 04:23:26.218005+00:00,2024-12-01 04:23:27.905192+00:00,2024-12-01 04:27:15.369052+00:00,2025-03-01 04:27:15.369053+00:00,
49,817808.3999999997,23484.000000000015,2024-04-25,01JE07B1R8HC4R3SBWRHDSNKT8,3932992,ExecutionState.COMPLETED,2024-12-01 04:23:26.218005+00:00,2024-12-01 04:23:27.905192+00:00,2024-12-01 04:27:15.369052+00:00,2025-03-01 04:27:15.369053+00:00,
50,867671.6999999997,49863.3,2024-04-26,01JE07B1R8HC4R3SBWRHDSNKT8,3932992,ExecutionState.COMPLETED,2024-12-01 04:23:26.218005+00:00,2024-12-01 04:23:27.905192+00:00,2024-12-01 04:27:15.369052+00:00,2025-03-01 04:27:15.369053+00:00,
51,889056.5999999997,21384.900000000016,2024-04-27,01JE07B1R8HC4R3SBWRHDSNKT8,3932992,ExecutionState.COMPLETED,2024-12-01 04:23:26.218005+00:00,2024-12-01 04:23:27.905192+00:00,2024-12-01 04:27:15.369052+00:00,2025-03-01 04:27:15.369053+00:00,
52,908838.5999999997,19781.999999999996,2024-04-28,01JE07B1R8HC4R3SBWRHDSNKT8,3932992,ExecutionState.COMPLETED,2024-12-01 04:23:26.218005+00:00,2024-12-01 04:23:27.905192+00:00,2024-12-01 04:27:15.369052+00:00,2025-03-01 04:27:15.369053+00:00,
53,946637.0999999997,37798.50000000001,2024-04-29,01JE07B1R8HC4R3SBWRHDSNKT8,3932992,ExecutionState.COMPLETED,2024-12-01 04:23:26.218005+00:00,2024-12-01 04:23:27.905192+00:00,2024-12-01 04:27:15.369052+00:00,2025-03-01 04:27:15.369053+00:00,
54,1099652.0999999999,153015.00000000003,2024-04-30,01JE07B1R8HC4R3SBWRHDSNKT8,3932992,ExecutionState.COMPLETED,2024-12-01 04:23:26.218005+00:00,2024-12-01 04:23:27.905192+00:00,2024-12-01 04:27:15.369052+00:00,2025-03-01 04:27:15.369053+00:00,
55,1221567.5999999999,121915.49999999993,2024-05-01,01JE07B1R8HC4R3SBWRHDSNKT8,3932992,ExecutionState.COMPLETED,2024-12-01 04:23:26.218005+00:00,2024-12-01 04:23:27.905192+00:00,2024-12-01 04:27:15.369052+00:00,2025-03-01 04:27:15.369053+00:00,
56,1338066.2999999998,116498.69999999987,2024-05-02,01JE07B1R8HC4R3SBWRHDSNKT8,3932992,ExecutionState.COMPLETED,2024-12-01 04:23:26.218005+00:00,2024-12-01 04:23:27.905192+00:00,2024-12-01 04:27:15.369052+00:00,2025-03-01 04:27:15.369053+00:00,
57,1408515.5999999999,70449.29999999999,2024-05-03,01JE07B1R8HC4R3SBWRHDSNKT8,3932992,ExecutionState.COMPLETED,2024-12-01 04:23:26.218005+00:00,2024-12-01 04:23:27.905192+00:00,2024-12-01 04:27:15.369052+00:00,2025-03-01 04:27:15.369053+00:00,
58,1426736.6999999997,18221.099999999977,2024-05-04,01JE07B1R8HC4R3SBWRHDSNKT8,3932992,ExecutionState.COMPLETED,2024-12-01 04:23:26.218005+00:00,2024-12-01 04:23:27.905192+00:00,2024-12-01 04:27:15.369052+00:00,2025-03-01 04:27:15.369053+00:00,
59,1463005.4999999998,36268.8,2024-05-05,01JE07B1R8HC4R3SBWRHDSNKT8,3932992,ExecutionState.COMPLETED,2024-12-01 04:23:26.218005+00:00,2024-12-01 04:23:27.905192+00:00,2024-12-01 04:27:15.369052+00:00,2025-03-01 04:27:15.369053+00:00,
60,1485513.5999999999,22508.100000000002,2024-05-06,01JE07B1R8HC4R3SBWRHDSNKT8,3932992,ExecutionState.COMPLETED,2024-12-01 04:23:26.218005+00:00,2024-12-01 04:23:27.905192+00:00,2024-12-01 04:27:15.369052+00:00,2025-03-01 04:27:15.369053+00:00,
61,1510501.2,24987.600000000017,2024-05-07,01JE07B1R8HC4R3SBWRHDSNKT8,3932992,ExecutionState.COMPLETED,2024-12-01 04:23:26.218005+00:00,2024-12-01 04:23:27.905192+00:00,2024-12-01 04:27:15.369052+00:00,2025-03-01 04:27:15.369053+00:00,
62,1513649.7,3148.500000000002,2024-05-08,01JE07B1R8HC4R3SBWRHDSNKT8,3932992,ExecutionState.COMPLETED,2024-12-01 04:23:26.218005+00:00,2024-12-01 04:23:27.905192+00:00,2024-12-01 04:27:15.369052+00:00,2025-03-01 04:27:15.369053+00:00,
63,1518802.8,5153.100000000004,2024-05-09,01JE07B1R8HC4R3SBWRHDSNKT8,3932992,ExecutionState.COMPLETED,2024-12-01 04:23:26.218005+00:00,2024-12-01 04:23:27.905192+00:00,2024-12-01 04:27:15.369052+00:00,2025-03-01 04:27:15.369053+00:00,
64,1523654.4000000001,4851.600000000003,2024-05-10,01JE07B1R8HC4R3SBWRHDSNKT8,3932992,ExecutionState.COMPLETED,2024-12-01 04:23:26.218005+00:00,2024-12-01 04:23:27.905192+00:00,2024-12-01 04:27:15.369052+00:00,2025-03-01 04:27:15.369053+00:00,
65,1529867.4000000001,6213.0000000000055,2024-05-11,01JE07B1R8HC4R3SBWRHDSNKT8,3932992,ExecutionState.COMPLETED,2024-12-01 04:23:26.218005+00:00,2024-12-01 04:23:27.905192+00:00,2024-12-01 04:27:15.369052+00:00,2025-03-01 04:27:15.369053+00:00,
66,1535798.1,5930.700000000009,2024-05-12,01JE07B1R8HC4R3SBWRHDSNKT8,3932992,ExecutionState.COMPLETED,2024-12-01 04:23:26.218005+00:00,2024-12-01 04:23:27.905192+00:00,2024-12-01 04:27:15.369052+00:00,2025-03-01 04:27:15.369053+00:00,
67,1545006.6,9208.499999999982,2024-05-13,01JE07B1R8HC4R3SBWRHDSNKT8,3932992,ExecutionState.COMPLETED,2024-12-01 04:23:26.218005+00:00,2024-12-01 04:23:27.905192+00:00,2024-12-01 04:27:15.369052+00:00,2025-03-01 04:27:15.369053+00:00,
68,1550654.7000000002,5648.100000000008,2024-05-14,01JE07B1R8HC4R3SBWRHDSNKT8,3932992,ExecutionState.COMPLETED,2024-12-01 04:23:26.218005+00:00,2024-12-01 04:23:27.905192+00:00,2024-12-01 04:27:15.369052+00:00,2025-03-01 04:27:15.369053+00:00,
69,1556352.6,5697.900000000002,2024-05-15,01JE07B1R8HC4R3SBWRHDSNKT8,3932992,ExecutionState.COMPLETED,2024-12-01 04:23:26.218005+00:00,2024-12-01 04:23:27.905192+00:00,2024-12-01 04:27:15.369052+00:00,2025-03-01 04:27:15.369053+00:00,
70,1564060.8,7708.200000000003,2024-05-16,01JE07B1R8HC4R3SBWRHDSNKT8,3932992,ExecutionState.COMPLETED,2024-12-01 04:23:26.218005+00:00,2024-12-01 04:23:27.905192+00:00,2024-12-01 04:27:15.369052+00:00,2025-03-01 04:27:15.369053+00:00,
71,1572417.0,8356.199999999992,2024-05-17,01JE07B1R8HC4R3SBWRHDSNKT8,3932992,ExecutionState.COMPLETED,2024-12-01 04:23:26.218005+00:00,2024-12-01 04:23:27.905192+00:00,2024-12-01 04:27:15.369052+00:00,2025-03-01 04:27:15.369053+00:00,
72,1578516.0,6099.000000000004,2024-05-18,01JE07B1R8HC4R3SBWRHDSNKT8,3932992,ExecutionState.COMPLETED,2024-12-01 04:23:26.218005+00:00,2024-12-01 04:23:27.905192+00:00,2024-12-01 04:27:15.369052+00:00,2025-03-01 04:27:15.369053+00:00,
73,1585085.1,6569.100000000003,2024-05-19,01JE07B1R8HC4R3SBWRHDSNKT8,3932992,ExecutionState.COMPLETED,2024-12-01 04:23:26.218005+00:00,2024-12-01 04:23:27.905192+00:00,2024-12-01 04:27:15.369052+00:00,2025-03-01 04:27:15.369053+00:00,
74,1589837.4000000001,4752.300000000007,2024-05-20,01JE07B1R8HC4R3SBWRHDSNKT8,3932992,ExecutionState.COMPLETED,2024-12-01 04:23:26.218005+00:00,2024-12-01 04:23:27.905192+00:00,2024-12-01 04:27:15.369052+00:00,2025-03-01 04:27:15.369053+00:00,
75,1597629.6,7792.199999999996,2024-05-21,01JE07B1R8HC4R3SBWRHDSNKT8,3932992,ExecutionState.COMPLETED,2024-12-01 04:23:26.218005+00:00,2024-12-01 04:23:27.905192+00:00,2024-12-01 04:27:15.369052+00:00,2025-03-01 04:27:15.369053+00:00,
76,1605951.0,8321.399999999996,2024-05-22,01JE07B1R8HC4R3SBWRHDSNKT8,3932992,ExecutionState.COMPLETED,2024-12-01 04:23:26.218005+00:00,2024-12-01 04:23:27.905192+00:00,2024-12-01 04:27:15.369052+00:00,2025-03-01 04:27:15.369053+00:00,
77,1613302.2,7351.200000000004,2024-05-23,01JE07B1R8HC4R3SBWRHDSNKT8,3932992,ExecutionState.COMPLETED,2024-12-01 04:23:26.218005+00:00,2024-12-01 04:23:27.905192+00:00,2024-12-01 04:27:15.369052+00:00,2025-03-01 04:27:15.369053+00:00,
78,1619356.2,6054.000000000007,2024-05-24,01JE07B1R8HC4R3SBWRHDSNKT8,3932992,ExecutionState.COMPLETED,2024-12-01 04:23:26.218005+00:00,2024-12-01 04:23:27.905192+00:00,2024-12-01 04:27:15.369052+00:00,2025-03-01 04:27:15.369053+00:00,
79,1626900.5999999999,7544.399999999996,2024-05-25,01JE07B1R8HC4R3SBWRHDSNKT8,3932992,ExecutionState.COMPLETED,2024-12-01 04:23:26.218005+00:00,2024-12-01 04:23:27.905192+00:00,2024-12-01 04:27:15.369052+00:00,2025-03-01 04:27:15.369053+00:00,
80,1629855.9,2955.3000000000034,2024-05-26,01JE07B1R8HC4R3SBWRHDSNKT8,3932992,ExecutionState.COMPLETED,2024-12-01 04:23:26.218005+00:00,2024-12-01 04:23:27.905192+00:00,2024-12-01 04:27:15.369052+00:00,2025-03-01 04:27:15.369053+00:00,
81,1633687.5,3831.6000000000067,2024-05-27,01JE07B1R8HC4R3SBWRHDSNKT8,3932992,ExecutionState.COMPLETED,2024-12-01 04:23:26.218005+00:00,2024-12-01 04:23:27.905192+00:00,2024-12-01 04:27:15.369052+00:00,2025-03-01 04:27:15.369053+00:00,
82,1640360.1,6672.600000000014,2024-05-28,01JE07B1R8HC4R3SBWRHDSNKT8,3932992,ExecutionState.COMPLETED,2024-12-01 04:23:26.218005+00:00,2024-12-01 04:23:27.905192+00:00,2024-12-01 04:27:15.369052+00:00,2025-03-01 04:27:15.369053+00:00,
83,1647582.3,7222.199999999995,2024-05-29,01JE07B1R8HC4R3SBWRHDSNKT8,3932992,ExecutionState.COMPLETED,2024-12-01 04:23:26.218005+00:00,2024-12-01 04:23:27.905192+00:00,2024-12-01 04:27:15.369052+00:00,2025-03-01 04:27:15.369053+00:00,
84,1650344.7,2762.4000000000015,2024-05-30,01JE07B1R8HC4R3SBWRHDSNKT8,3932992,ExecutionState.COMPLETED,2024-12-01 04:23:26.218005+00:00,2024-12-01 04:23:27.905192+00:00,2024-12-01 04:27:15.369052+00:00,2025-03-01 04:27:15.369053+00:00,
85,1656096.5999999999,5751.900000000001,2024-05-31,01JE07B1R8HC4R3SBWRHDSNKT8,3932992,ExecutionState.COMPLETED,2024-12-01 04:23:26.218005+00:00,2024-12-01 04:23:27.905192+00:00,2024-12-01 04:27:15.369052+00:00,2025-03-01 04:27:15.369053+00:00,
86,1670743.7999999998,14647.199999999972,2024-06-01,01JE07B1R8HC4R3SBWRHDSNKT8,3932992,ExecutionState.COMPLETED,2024-12-01 04:23:26.218005+00:00,2024-12-01 04:23:27.905192+00:00,2024-12-01 04:27:15.369052+00:00,2025-03-01 04:27:15.369053+00:00,
87,1671936.9,1193.1000000000006,2024-06-02,01JE07B1R8HC4R3SBWRHDSNKT8,3932992,ExecutionState.COMPLETED,2024-12-01 04:23:26.218005+00:00,2024-12-01 04:23:27.905192+00:00,2024-12-01 04:27:15.369052+00:00,2025-03-01 04:27:15.369053+00:00,
88,1673600.0999999999,1663.2000000000007,2024-06-03,01JE07B1R8HC4R3SBWRHDSNKT8,3932992,ExecutionState.COMPLETED,2024-12-01 04:23:26.218005+00:00,2024-12-01 04:23:27.905192+00:00,2024-12-01 04:27:15.369052+00:00,2025-03-01 04:27:15.369053+00:00,
89,1674362.7,762.6,2024-06-04,01JE07B1R8HC4R3SBWRHDSNKT8,3932992,ExecutionState.COMPLETED,2024-12-01 04:23:26.218005+00:00,2024-12-01 04:23:27.905192+00:00,2024-12-01 04:27:15.369052+00:00,2025-03-01 04:27:15.369053+00:00,
90,1678175.7,3813.0000000000055,2024-06-05,01JE07B1R8HC4R3SBWRHDSNKT8,3932992,ExecutionState.COMPLETED,2024-12-01 04:23:26.218005+00:00,2024-12-01 04:23:27.905192+00:00,2024-12-01 04:27:15.369052+00:00,2025-03-01 04:27:15.369053+00:00,
91,1683646.5,5470.800000000006,2024-06-06,01JE07B1R8HC4R3SBWRHDSNKT8,3932992,ExecutionState.COMPLETED,2024-12-01 04:23:26.218005+00:00,2024-12-01 04:23:27.905192+00:00,2024-12-01 04:27:15.369052+00:00,2025-03-01 04:27:15.369053+00:00,
92,1690636.5,6990.0,2024-06-07,01JE07B1R8HC4R3SBWRHDSNKT8,3932992,ExecutionState.COMPLETED,2024-12-01 04:23:26.218005+00:00,2024-12-01 04:23:27.905192+00:00,2024-12-01 04:27:15.369052+00:00,2025-03-01 04:27:15.369053+00:00,
93,1694542.2,3905.700000000007,2024-06-08,01JE07B1R8HC4R3SBWRHDSNKT8,3932992,ExecutionState.COMPLETED,2024-12-01 04:23:26.218005+00:00,2024-12-01 04:23:27.905192+00:00,2024-12-01 04:27:15.369052+00:00,2025-03-01 04:27:15.369053+00:00,
94,1700240.0999999999,5697.900000000009,2024-06-09,01JE07B1R8HC4R3SBWRHDSNKT8,3932992,ExecutionState.COMPLETED,2024-12-01 04:23:26.218005+00:00,2024-12-01 04:23:27.905192+00:00,2024-12-01 04:27:15.369052+00:00,2025-03-01 04:27:15.369053+00:00,
95,1706274.2999999998,6034.200000000012,2024-06-10,01JE07B1R8HC4R3SBWRHDSNKT8,3932992,ExecutionState.COMPLETED,2024-12-01 04:23:26.218005+00:00,2024-12-01 04:23:27.905192+00:00,2024-12-01 04:27:15.369052+00:00,2025-03-01 04:27:15.369053+00:00,
96,1715827.7999999998,9553.499999999993,2024-06-11,01JE07B1R8HC4R3SBWRHDSNKT8,3932992,ExecutionState.COMPLETED,2024-12-01 04:23:26.218005+00:00,2024-12-01 04:23:27.905192+00:00,2024-12-01 04:27:15.369052+00:00,2025-03-01 04:27:15.369053+00:00,
97,1718367.9,2540.1000000000035,2024-06-12,01JE07B1R8HC4R3SBWRHDSNKT8,3932992,ExecutionState.COMPLETED,2024-12-01 04:23:26.218005+00:00,2024-12-01 04:23:27.905192+00:00,2024-12-01 04:27:15.369052+00:00,2025-03-01 04:27:15.369053+00:00,
98,1722175.2,3807.300000000003,2024-06-13,01JE07B1R8HC4R3SBWRHDSNKT8,3932992,ExecutionState.COMPLETED,2024-12-01 04:23:26.218005+00:00,2024-12-01 04:23:27.905192+00:00,2024-12-01 04:27:15.369052+00:00,2025-03-01 04:27:15.369053+00:00,
99,1724907.9,2732.7000000000035,2024-06-14,01JE07B1R8HC4R3SBWRHDSNKT8,3932992,ExecutionState.COMPLETED,2024-12-01 04:23:26.218005+00:00,2024-12-01 04:23:27.905192+00:00,2024-12-01 04:27:15.369052+00:00,2025-03-01 04:27:15.369053+00:00,
100,1726923.2999999998,2015.400000000001,2024-06-15,01JE07B1R8HC4R3SBWRHDSNKT8,3932992,ExecutionState.COMPLETED,2024-12-01 04:23:26.218005+00:00,2024-12-01 04:23:27.905192+00:00,2024-12-01 04:27:15.369052+00:00,2025-03-01 04:27:15.369053+00:00,
101,1730824.1999999997,3900.900000000007,2024-06-16,01JE07B1R8HC4R3SBWRHDSNKT8,3932992,ExecutionState.COMPLETED,2024-12-01 04:23:26.218005+00:00,2024-12-01 04:23:27.905192+00:00,2024-12-01 04:27:15.369052+00:00,2025-03-01 04:27:15.369053+00:00,
102,1733928.2999999998,3104.100000000002,2024-06-17,01JE07B1R8HC4R3SBWRHDSNKT8,3932992,ExecutionState.COMPLETED,2024-12-01 04:23:26.218005+00:00,2024-12-01 04:23:27.905192+00:00,2024-12-01 04:27:15.369052+00:00,2025-03-01 04:27:15.369053+00:00,
103,1736621.9999999998,2693.7000000000035,2024-06-18,01JE07B1R8HC4R3SBWRHDSNKT8,3932992,ExecutionState.COMPLETED,2024-12-01 04:23:26.218005+00:00,2024-12-01 04:23:27.905192+00:00,2024-12-01 04:27:15.369052+00:00,2025-03-01 04:27:15.369053+00:00,
104,1738547.9999999998,1926.0000000000018,2024-06-19,01JE07B1R8HC4R3SBWRHDSNKT8,3932992,ExecutionState.COMPLETED,2024-12-01 04:23:26.218005+00:00,2024-12-01 04:23:27.905192+00:00,2024-12-01 04:27:15.369052+00:00,2025-03-01 04:27:15.369053+00:00,
105,1740077.6999999997,1529.7000000000012,2024-06-20,01JE07B1R8HC4R3SBWRHDSNKT8,3932992,ExecutionState.COMPLETED,2024-12-01 04:23:26.218005+00:00,2024-12-01 04:23:27.905192+00:00,2024-12-01 04:27:15.369052+00:00,2025-03-01 04:27:15.369053+00:00,
106,1741914.2999999998,1836.6000000000013,2024-06-21,01JE07B1R8HC4R3SBWRHDSNKT8,3932992,ExecutionState.COMPLETED,2024-12-01 04:23:26.218005+00:00,2024-12-01 04:23:27.905192+00:00,2024-12-01 04:27:15.369052+00:00,2025-03-01 04:27:15.369053+00:00,
107,1744077.5999999999,2163.300000000003,2024-06-22,01JE07B1R8HC4R3SBWRHDSNKT8,3932992,ExecutionState.COMPLETED,2024-12-01 04:23:26.218005+00:00,2024-12-01 04:23:27.905192+00:00,2024-12-01 04:27:15.369052+00:00,2025-03-01 04:27:15.369053+00:00,
108,1746365.400274,2287.800274,2024-06-23,01JE07B1R8HC4R3SBWRHDSNKT8,3932992,ExecutionState.COMPLETED,2024-12-01 04:23:26.218005+00:00,2024-12-01 04:23:27.905192+00:00,2024-12-01 04:27:15.369052+00:00,2025-03-01 04:27:15.369053+00:00,
109,1749276.6002739999,2911.2000000000016,2024-06-24,01JE07B1R8HC4R3SBWRHDSNKT8,3932992,ExecutionState.COMPLETED,2024-12-01 04:23:26.218005+00:00,2024-12-01 04:23:27.905192+00:00,2024-12-01 04:27:15.369052+00:00,2025-03-01 04:27:15.369053+00:00,
110,1752558.900274,3282.2999999999993,2024-06-25,01JE07B1R8HC4R3SBWRHDSNKT8,3932992,ExecutionState.COMPLETED,2024-12-01 04:23:26.218005+00:00,2024-12-01 04:23:27.905192+00:00,2024-12-01 04:27:15.369052+00:00,2025-03-01 04:27:15.369053+00:00,
111,1754678.200274,2119.3000000000034,2024-06-26,01JE07B1R8HC4R3SBWRHDSNKT8,3932992,ExecutionState.COMPLETED,2024-12-01 04:23:26.218005+00:00,2024-12-01 04:23:27.905192+00:00,2024-12-01 04:27:15.369052+00:00,2025-03-01 04:27:15.369053+00:00,
112,1757114.200274,2436.000000000002,2024-06-27,01JE07B1R8HC4R3SBWRHDSNKT8,3932992,ExecutionState.COMPLETED,2024-12-01 04:23:26.218005+00:00,2024-12-01 04:23:27.905192+00:00,2024-12-01 04:27:15.369052+00:00,2025-03-01 04:27:15.369053+00:00,
113,1759238.200274,2124.000000000003,2024-06-28,01JE07B1R8HC4R3SBWRHDSNKT8,3932992,ExecutionState.COMPLETED,2024-12-01 04:23:26.218005+00:00,2024-12-01 04:23:27.905192+00:00,2024-12-01 04:27:15.369052+00:00,2025-03-01 04:27:15.369053+00:00,
114,1762020.1002739999,2781.9,2024-06-29,01JE07B1R8HC4R3SBWRHDSNKT8,3932992,ExecutionState.COMPLETED,2024-12-01 04:23:26.218005+00:00,2024-12-01 04:23:27.905192+00:00,2024-12-01 04:27:15.369052+00:00,2025-03-01 04:27:15.369053+00:00,
115,1773325.900274,11305.799999999994,2024-06-30,01JE07B1R8HC4R3SBWRHDSNKT8,3932992,ExecutionState.COMPLETED,2024-12-01 04:23:26.218005+00:00,2024-12-01 04:23:27.905192+00:00,2024-12-01 04:27:15.369052+00:00,2025-03-01 04:27:15.369053+00:00,
116,1774172.500274,846.6,2024-07-01,01JE07B1R8HC4R3SBWRHDSNKT8,3932992,ExecutionState.COMPLETED,2024-12-01 04:23:26.218005+00:00,2024-12-01 04:23:27.905192+00:00,2024-12-01 04:27:15.369052+00:00,2025-03-01 04:27:15.369053+00:00,
117,1775964.400274,1791.9,2024-07-02,01JE07B1R8HC4R3SBWRHDSNKT8,3932992,ExecutionState.COMPLETED,2024-12-01 04:23:26.218005+00:00,2024-12-01 04:23:27.905192+00:00,2024-12-01 04:27:15.369052+00:00,2025-03-01 04:27:15.369053+00:00,
118,1778271.7002740088,2307.3000000090024,2024-07-03,01JE07B1R8HC4R3SBWRHDSNKT8,3932992,ExecutionState.COMPLETED,2024-12-01 04:23:26.218005+00:00,2024-12-01 04:23:27.905192+00:00,2024-12-01 04:27:15.369052+00:00,2025-03-01 04:27:15.369053+00:00,
119,1779984.4002740087,1712.7000000000005,2024-07-04,01JE07B1R8HC4R3SBWRHDSNKT8,3932992,ExecutionState.COMPLETED,2024-12-01 04:23:26.218005+00:00,2024-12-01 04:23:27.905192+00:00,2024-12-01 04:27:15.369052+00:00,2025-03-01 04:27:15.369053+00:00,
120,1782049.7260964087,2065.325822400001,2024-07-05,01JE07B1R8HC4R3SBWRHDSNKT8,3932992,ExecutionState.COMPLETED,2024-12-01 04:23:26.218005+00:00,2024-12-01 04:23:27.905192+00:00,2024-12-01 04:27:15.369052+00:00,2025-03-01 04:27:15.369053+00:00,
121,1783909.9519188087,1860.225822400001,2024-07-06,01JE07B1R8HC4R3SBWRHDSNKT8,3932992,ExecutionState.COMPLETED,2024-12-01 04:23:26.218005+00:00,2024-12-01 04:23:27.905192+00:00,2024-12-01 04:27:15.369052+00:00,2025-03-01 04:27:15.369053+00:00,
122,1784464.3519188087,554.4,2024-07-07,01JE07B1R8HC4R3SBWRHDSNKT8,3932992,ExecutionState.COMPLETED,2024-12-01 04:23:26.218005+00:00,2024-12-01 04:23:27.905192+00:00,2024-12-01 04:27:15.369052+00:00,2025-03-01 04:27:15.369053+00:00,
123,1787766.1519188087,3301.8000000000006,2024-07-08,01JE07B1R8HC4R3SBWRHDSNKT8,3932992,ExecutionState.COMPLETED,2024-12-01 04:23:26.218005+00:00,2024-12-01 04:23:27.905192+00:00,2024-12-01 04:27:15.369052+00:00,2025-03-01 04:27:15.369053+00:00,
124,1790068.3519188087,2302.2000000000016,2024-07-09,01JE07B1R8HC4R3SBWRHDSNKT8,3932992,ExecutionState.COMPLETED,2024-12-01 04:23:26.218005+00:00,2024-12-01 04:23:27.905192+00:00,2024-12-01 04:27:15.369052+00:00,2025-03-01 04:27:15.369053+00:00,
125,1911122.8519188087,121054.5,2024-07-10,01JE07B1R8HC4R3SBWRHDSNKT8,3932992,ExecutionState.COMPLETED,2024-12-01 04:23:26.218005+00:00,2024-12-01 04:23:27.905192+00:00,2024-12-01 04:27:15.369052+00:00,2025-03-01 04:27:15.369053+00:00,
126,1912325.8519188087,1203.0000000000005,2024-07-11,01JE07B1R8HC4R3SBWRHDSNKT8,3932992,ExecutionState.COMPLETED,2024-12-01 04:23:26.218005+00:00,2024-12-01 04:23:27.905192+00:00,2024-12-01 04:27:15.369052+00:00,2025-03-01 04:27:15.369053+00:00,
127,1913736.7519188086,1410.9,2024-07-12,01JE07B1R8HC4R3SBWRHDSNKT8,3932992,ExecutionState.COMPLETED,2024-12-01 04:23:26.218005+00:00,2024-12-01 04:23:27.905192+00:00,2024-12-01 04:27:15.369052+00:00,2025-03-01 04:27:15.369053+00:00,
128,1915157.8519188087,1421.1000000000008,2024-07-13,01JE07B1R8HC4R3SBWRHDSNKT8,3932992,ExecutionState.COMPLETED,2024-12-01 04:23:26.218005+00:00,2024-12-01 04:23:27.905192+00:00,2024-12-01 04:27:15.369052+00:00,2025-03-01 04:27:15.369053+00:00,
129,1916751.7519188086,1593.9000000000003,2024-07-14,01JE07B1R8HC4R3SBWRHDSNKT8,3932992,ExecutionState.COMPLETED,2024-12-01 04:23:26.218005+00:00,2024-12-01 04:23:27.905192+00:00,2024-12-01 04:27:15.369052+00:00,2025-03-01 04:27:15.369053+00:00,
130,1918464.7519188086,1713.0000000000005,2024-07-15,01JE07B1R8HC4R3SBWRHDSNKT8,3932992,ExecutionState.COMPLETED,2024-12-01 04:23:26.218005+00:00,2024-12-01 04:23:27.905192+00:00,2024-12-01 04:27:15.369052+00:00,2025-03-01 04:27:15.369053+00:00,
131,1920014.2519188086,1549.500000000001,2024-07-16,01JE07B1R8HC4R3SBWRHDSNKT8,3932992,ExecutionState.COMPLETED,2024-12-01 04:23:26.218005+00:00,2024-12-01 04:23:27.905192+00:00,2024-12-01 04:27:15.369052+00:00,2025-03-01 04:27:15.369053+00:00,
132,1920776.5519188086,762.3,2024-07-17,01JE07B1R8HC4R3SBWRHDSNKT8,3932992,ExecutionState.COMPLETED,2024-12-01 04:23:26.218005+00:00,2024-12-01 04:23:27.905192+00:00,2024-12-01 04:27:15.369052+00:00,2025-03-01 04:27:15.369053+00:00,
133,1922603.5519188086,1827.000000000001,2024-07-18,01JE07B1R8HC4R3SBWRHDSNKT8,3932992,ExecutionState.COMPLETED,2024-12-01 04:23:26.218005+00:00,2024-12-01 04:23:27.905192+00:00,2024-12-01 04:27:15.369052+00:00,2025-03-01 04:27:15.369053+00:00,
134,1923692.8519188087,1089.3000000000002,2024-07-19,01JE07B1R8HC4R3SBWRHDSNKT8,3932992,ExecutionState.COMPLETED,2024-12-01 04:23:26.218005+00:00,2024-12-01 04:23:27.905192+00:00,2024-12-01 04:27:15.369052+00:00,2025-03-01 04:27:15.369053+00:00,
135,1925173.3519188087,1480.5000000000005,2024-07-20,01JE07B1R8HC4R3SBWRHDSNKT8,3932992,ExecutionState.COMPLETED,2024-12-01 04:23:26.218005+00:00,2024-12-01 04:23:27.905192+00:00,2024-12-01 04:27:15.369052+00:00,2025-03-01 04:27:15.369053+00:00,
136,1926762.4519188087,1589.1000000000001,2024-07-21,01JE07B1R8HC4R3SBWRHDSNKT8,3932992,ExecutionState.COMPLETED,2024-12-01 04:23:26.218005+00:00,2024-12-01 04:23:27.905192+00:00,2024-12-01 04:27:15.369052+00:00,2025-03-01 04:27:15.369053+00:00,
137,1927465.3519188087,702.9,2024-07-22,01JE07B1R8HC4R3SBWRHDSNKT8,3932992,ExecutionState.COMPLETED,2024-12-01 04:23:26.218005+00:00,2024-12-01 04:23:27.905192+00:00,2024-12-01 04:27:15.369052+00:00,2025-03-01 04:27:15.369053+00:00,
138,1929014.8519188087,1549.5000000000005,2024-07-23,01JE07B1R8HC4R3SBWRHDSNKT8,3932992,ExecutionState.COMPLETED,2024-12-01 04:23:26.218005+00:00,2024-12-01 04:23:27.905192+00:00,2024-12-01 04:27:15.369052+00:00,2025-03-01 04:27:15.369053+00:00,
139,1930668.1519188087,1653.2999999999995,2024-07-24,01JE07B1R8HC4R3SBWRHDSNKT8,3932992,ExecutionState.COMPLETED,2024-12-01 04:23:26.218005+00:00,2024-12-01 04:23:27.905192+00:00,2024-12-01 04:27:15.369052+00:00,2025-03-01 04:27:15.369053+00:00,
140,1931896.0519188086,1227.9,2024-07-25,01JE07B1R8HC4R3SBWRHDSNKT8,3932992,ExecutionState.COMPLETED,2024-12-01 04:23:26.218005+00:00,2024-12-01 04:23:27.905192+00:00,2024-12-01 04:27:15.369052+00:00,2025-03-01 04:27:15.369053+00:00,
141,1933569.1519188087,1673.1000000000006,2024-07-26,01JE07B1R8HC4R3SBWRHDSNKT8,3932992,ExecutionState.COMPLETED,2024-12-01 04:23:26.218005+00:00,2024-12-01 04:23:27.905192+00:00,2024-12-01 04:27:15.369052+00:00,2025-03-01 04:27:15.369053+00:00,
142,1936346.5519188086,2777.400000000001,2024-07-27,01JE07B1R8HC4R3SBWRHDSNKT8,3932992,ExecutionState.COMPLETED,2024-12-01 04:23:26.218005+00:00,2024-12-01 04:23:27.905192+00:00,2024-12-01 04:27:15.369052+00:00,2025-03-01 04:27:15.369053+00:00,
143,1937544.7519188086,1198.1999999999998,2024-07-28,01JE07B1R8HC4R3SBWRHDSNKT8,3932992,ExecutionState.COMPLETED,2024-12-01 04:23:26.218005+00:00,2024-12-01 04:23:27.905192+00:00,2024-12-01 04:27:15.369052+00:00,2025-03-01 04:27:15.369053+00:00,
144,1941920.5519188086,4375.800000000005,2024-07-29,01JE07B1R8HC4R3SBWRHDSNKT8,3932992,ExecutionState.COMPLETED,2024-12-01 04:23:26.218005+00:00,2024-12-01 04:23:27.905192+00:00,2024-12-01 04:27:15.369052+00:00,2025-03-01 04:27:15.369053+00:00,
145,1953488.8519188087,11568.299999999988,2024-07-30,01JE07B1R8HC4R3SBWRHDSNKT8,3932992,ExecutionState.COMPLETED,2024-12-01 04:23:26.218005+00:00,2024-12-01 04:23:27.905192+00:00,2024-12-01 04:27:15.369052+00:00,2025-03-01 04:27:15.369053+00:00,
146,1957028.2519188086,3539.4000000000005,2024-07-31,01JE07B1R8HC4R3SBWRHDSNKT8,3932992,ExecutionState.COMPLETED,2024-12-01 04:23:26.218005+00:00,2024-12-01 04:23:27.905192+00:00,2024-12-01 04:27:15.369052+00:00,2025-03-01 04:27:15.369053+00:00,
147,1960651.6519188085,3623.4000000000005,2024-08-01,01JE07B1R8HC4R3SBWRHDSNKT8,3932992,ExecutionState.COMPLETED,2024-12-01 04:23:26.218005+00:00,2024-12-01 04:23:27.905192+00:00,2024-12-01 04:27:15.369052+00:00,2025-03-01 04:27:15.369053+00:00,
148,1962196.0519188084,1544.4,2024-08-02,01JE07B1R8HC4R3SBWRHDSNKT8,3932992,ExecutionState.COMPLETED,2024-12-01 04:23:26.218005+00:00,2024-12-01 04:23:27.905192+00:00,2024-12-01 04:27:15.369052+00:00,2025-03-01 04:27:15.369053+00:00,
149,1964037.4519188083,1841.3999999999992,2024-08-03,01JE07B1R8HC4R3SBWRHDSNKT8,3932992,ExecutionState.COMPLETED,2024-12-01 04:23:26.218005+00:00,2024-12-01 04:23:27.905192+00:00,2024-12-01 04:27:15.369052+00:00,2025-03-01 04:27:15.369053+00:00,
150,1965294.7519188083,1257.3000000000006,2024-08-04,01JE07B1R8HC4R3SBWRHDSNKT8,3932992,ExecutionState.COMPLETED,2024-12-01 04:23:26.218005+00:00,2024-12-01 04:23:27.905192+00:00,2024-12-01 04:27:15.369052+00:00,2025-03-01 04:27:15.369053+00:00,
151,1966012.6519188082,717.9,2024-08-05,01JE07B1R8HC4R3SBWRHDSNKT8,3932992,ExecutionState.COMPLETED,2024-12-01 04:23:26.218005+00:00,2024-12-01 04:23:27.905192+00:00,2024-12-01 04:27:15.369052+00:00,2025-03-01 04:27:15.369053+00:00,
152,1967616.4519188083,1603.8000000000002,2024-08-06,01JE07B1R8HC4R3SBWRHDSNKT8,3932992,ExecutionState.COMPLETED,2024-12-01 04:23:26.218005+00:00,2024-12-01 04:23:27.905192+00:00,2024-12-01 04:27:15.369052+00:00,2025-03-01 04:27:15.369053+00:00,
153,1968844.0519188084,1227.600000000001,2024-08-07,01JE07B1R8HC4R3SBWRHDSNKT8,3932992,ExecutionState.COMPLETED,2024-12-01 04:23:26.218005+00:00,2024-12-01 04:23:27.905192+00:00,2024-12-01 04:27:15.369052+00:00,2025-03-01 04:27:15.369053+00:00,
154,1969853.8519188084,1009.8000000000002,2024-08-08,01JE07B1R8HC4R3SBWRHDSNKT8,3932992,ExecutionState.COMPLETED,2024-12-01 04:23:26.218005+00:00,2024-12-01 04:23:27.905192+00:00,2024-12-01 04:27:15.369052+00:00,2025-03-01 04:27:15.369053+00:00,
155,1970556.7519188083,702.9,2024-08-09,01JE07B1R8HC4R3SBWRHDSNKT8,3932992,ExecutionState.COMPLETED,2024-12-01 04:23:26.218005+00:00,2024-12-01 04:23:27.905192+00:00,2024-12-01 04:27:15.369052+00:00,2025-03-01 04:27:15.369053+00:00,
156,1971071.5519188084,514.8,2024-08-10,01JE07B1R8HC4R3SBWRHDSNKT8,3932992,ExecutionState.COMPLETED,2024-12-01 04:23:26.218005+00:00,2024-12-01 04:23:27.905192+00:00,2024-12-01 04:27:15.369052+00:00,2025-03-01 04:27:15.369053+00:00,
157,1972031.8519188084,960.3000000000002,2024-08-11,01JE07B1R8HC4R3SBWRHDSNKT8,3932992,ExecutionState.COMPLETED,2024-12-01 04:23:26.218005+00:00,2024-12-01 04:23:27.905192+00:00,2024-12-01 04:27:15.369052+00:00,2025-03-01 04:27:15.369053+00:00,
158,1973022.1519188085,990.2999999999997,2024-08-12,01JE07B1R8HC4R3SBWRHDSNKT8,3932992,ExecutionState.COMPLETED,2024-12-01 04:23:26.218005+00:00,2024-12-01 04:23:27.905192+00:00,2024-12-01 04:27:15.369052+00:00,2025-03-01 04:27:15.369053+00:00,
159,1974309.4519188085,1287.3000000000002,2024-08-13,01JE07B1R8HC4R3SBWRHDSNKT8,3932992,ExecutionState.COMPLETED,2024-12-01 04:23:26.218005+00:00,2024-12-01 04:23:27.905192+00:00,2024-12-01 04:27:15.369052+00:00,2025-03-01 04:27:15.369053+00:00,
160,1975141.0519188086,831.6,2024-08-14,01JE07B1R8HC4R3SBWRHDSNKT8,3932992,ExecutionState.COMPLETED,2024-12-01 04:23:26.218005+00:00,2024-12-01 04:23:27.905192+00:00,2024-12-01 04:27:15.369052+00:00,2025-03-01 04:27:15.369053+00:00,
161,1975819.3519188087,678.3,2024-08-15,01JE07B1R8HC4R3SBWRHDSNKT8,3932992,ExecutionState.COMPLETED,2024-12-01 04:23:26.218005+00:00,2024-12-01 04:23:27.905192+00:00,2024-12-01 04:27:15.369052+00:00,2025-03-01 04:27:15.369053+00:00,
162,1976685.7519188086,866.4000000000001,2024-08-16,01JE07B1R8HC4R3SBWRHDSNKT8,3932992,ExecutionState.COMPLETED,2024-12-01 04:23:26.218005+00:00,2024-12-01 04:23:27.905192+00:00,2024-12-01 04:27:15.369052+00:00,2025-03-01 04:27:15.369053+00:00,
163,1977294.7519188086,609.0,2024-08-17,01JE07B1R8HC4R3SBWRHDSNKT8,3932992,ExecutionState.COMPLETED,2024-12-01 04:23:26.218005+00:00,2024-12-01 04:23:27.905192+00:00,2024-12-01 04:27:15.369052+00:00,2025-03-01 04:27:15.369053+00:00,
164,1978591.6519188085,1296.8999999999999,2024-08-18,01JE07B1R8HC4R3SBWRHDSNKT8,3932992,ExecutionState.COMPLETED,2024-12-01 04:23:26.218005+00:00,2024-12-01 04:23:27.905192+00:00,2024-12-01 04:27:15.369052+00:00,2025-03-01 04:27:15.369053+00:00,
165,1979616.4519188085,1024.8000000000002,2024-08-19,01JE07B1R8HC4R3SBWRHDSNKT8,3932992,ExecutionState.COMPLETED,2024-12-01 04:23:26.218005+00:00,2024-12-01 04:23:27.905192+00:00,2024-12-01 04:27:15.369052+00:00,2025-03-01 04:27:15.369053+00:00,
166,1980745.0519188086,1128.6000000000001,2024-08-20,01JE07B1R8HC4R3SBWRHDSNKT8,3932992,ExecutionState.COMPLETED,2024-12-01 04:23:26.218005+00:00,2024-12-01 04:23:27.905192+00:00,2024-12-01 04:27:15.369052+00:00,2025-03-01 04:27:15.369053+00:00,
167,1982467.9519188085,1722.9000000000005,2024-08-21,01JE07B1R8HC4R3SBWRHDSNKT8,3932992,ExecutionState.COMPLETED,2024-12-01 04:23:26.218005+00:00,2024-12-01 04:23:27.905192+00:00,2024-12-01 04:27:15.369052+00:00,2025-03-01 04:27:15.369053+00:00,
168,1984116.4519188085,1648.5,2024-08-22,01JE07B1R8HC4R3SBWRHDSNKT8,3932992,ExecutionState.COMPLETED,2024-12-01 04:23:26.218005+00:00,2024-12-01 04:23:27.905192+00:00,2024-12-01 04:27:15.369052+00:00,2025-03-01 04:27:15.369053+00:00,
169,1986205.4519188085,2089.0,2024-08-23,01JE07B1R8HC4R3SBWRHDSNKT8,3932992,ExecutionState.COMPLETED,2024-12-01 04:23:26.218005+00:00,2024-12-01 04:23:27.905192+00:00,2024-12-01 04:27:15.369052+00:00,2025-03-01 04:27:15.369053+00:00,
170,1987235.0519188086,1029.6000000000004,2024-08-24,01JE07B1R8HC4R3SBWRHDSNKT8,3932992,ExecutionState.COMPLETED,2024-12-01 04:23:26.218005+00:00,2024-12-01 04:23:27.905192+00:00,2024-12-01 04:27:15.369052+00:00,2025-03-01 04:27:15.369053+00:00,
171,1988606.3519188087,1371.3000000000002,2024-08-25,01JE07B1R8HC4R3SBWRHDSNKT8,3932992,ExecutionState.COMPLETED,2024-12-01 04:23:26.218005+00:00,2024-12-01 04:23:27.905192+00:00,2024-12-01 04:27:15.369052+00:00,2025-03-01 04:27:15.369053+00:00,
172,1989527.0519188086,920.6999999999998,2024-08-26,01JE07B1R8HC4R3SBWRHDSNKT8,3932992,ExecutionState.COMPLETED,2024-12-01 04:23:26.218005+00:00,2024-12-01 04:23:27.905192+00:00,2024-12-01 04:27:15.369052+00:00,2025-03-01 04:27:15.369053+00:00,
173,1992655.7519188086,3128.6999999999994,2024-08-27,01JE07B1R8HC4R3SBWRHDSNKT8,3932992,ExecutionState.COMPLETED,2024-12-01 04:23:26.218005+00:00,2024-12-01 04:23:27.905192+00:00,2024-12-01 04:27:15.369052+00:00,2025-03-01 04:27:15.369053+00:00,
174,1995434.6519188085,2778.899999999999,2024-08-28,01JE07B1R8HC4R3SBWRHDSNKT8,3932992,ExecutionState.COMPLETED,2024-12-01 04:23:26.218005+00:00,2024-12-01 04:23:27.905192+00:00,2024-12-01 04:27:15.369052+00:00,2025-03-01 04:27:15.369053+00:00,
175,1998770.9619188085,3336.3100000000004,2024-08-29,01JE07B1R8HC4R3SBWRHDSNKT8,3932992,ExecutionState.COMPLETED,2024-12-01 04:23:26.218005+00:00,2024-12-01 04:23:27.905192+00:00,2024-12-01 04:27:15.369052+00:00,2025-03-01 04:27:15.369053+00:00,
176,2001389.6619188085,2618.7,2024-08-30,01JE07B1R8HC4R3SBWRHDSNKT8,3932992,ExecutionState.COMPLETED,2024-12-01 04:23:26.218005+00:00,2024-12-01 04:23:27.905192+00:00,2024-12-01 04:27:15.369052+00:00,2025-03-01 04:27:15.369053+00:00,
177,2007874.1619188085,6484.500000000001,2024-08-31,01JE07B1R8HC4R3SBWRHDSNKT8,3932992,ExecutionState.COMPLETED,2024-12-01 04:23:26.218005+00:00,2024-12-01 04:23:27.905192+00:00,2024-12-01 04:27:15.369052+00:00,2025-03-01 04:27:15.369053+00:00,
178,2009646.2619188086,1772.1000000000004,2024-09-01,01JE07B1R8HC4R3SBWRHDSNKT8,3932992,ExecutionState.COMPLETED,2024-12-01 04:23:26.218005+00:00,2024-12-01 04:23:27.905192+00:00,2024-12-01 04:27:15.369052+00:00,2025-03-01 04:27:15.369053+00:00,
179,2012250.0619188086,2603.8,2024-09-02,01JE07B1R8HC4R3SBWRHDSNKT8,3932992,ExecutionState.COMPLETED,2024-12-01 04:23:26.218005+00:00,2024-12-01 04:23:27.905192+00:00,2024-12-01 04:27:15.369052+00:00,2025-03-01 04:27:15.369053+00:00,
180,2013576.6619188087,1326.6000000000001,2024-09-03,01JE07B1R8HC4R3SBWRHDSNKT8,3932992,ExecutionState.COMPLETED,2024-12-01 04:23:26.218005+00:00,2024-12-01 04:23:27.905192+00:00,2024-12-01 04:27:15.369052+00:00,2025-03-01 04:27:15.369053+00:00,
181,2133883.5619188086,120306.90000000001,2024-09-04,01JE07B1R8HC4R3SBWRHDSNKT8,3932992,ExecutionState.COMPLETED,2024-12-01 04:23:26.218005+00:00,2024-12-01 04:23:27.905192+00:00,2024-12-01 04:27:15.369052+00:00,2025-03-01 04:27:15.369053+00:00,
182,2134319.1619188087,435.6,2024-09-05,01JE07B1R8HC4R3SBWRHDSNKT8,3932992,ExecutionState.COMPLETED,2024-12-01 04:23:26.218005+00:00,2024-12-01 04:23:27.905192+00:00,2024-12-01 04:27:15.369052+00:00,2025-03-01 04:27:15.369053+00:00,
183,2135071.5619188086,752.4,2024-09-06,01JE07B1R8HC4R3SBWRHDSNKT8,3932992,ExecutionState.COMPLETED,2024-12-01 04:23:26.218005+00:00,2024-12-01 04:23:27.905192+00:00,2024-12-01 04:27:15.369052+00:00,2025-03-01 04:27:15.369053+00:00,
184,2135418.0619188086,346.5,2024-09-07,01JE07B1R8HC4R3SBWRHDSNKT8,3932992,ExecutionState.COMPLETED,2024-12-01 04:23:26.218005+00:00,2024-12-01 04:23:27.905192+00:00,2024-12-01 04:27:15.369052+00:00,2025-03-01 04:27:15.369053+00:00,
185,2135952.6619188087,534.6,2024-09-08,01JE07B1R8HC4R3SBWRHDSNKT8,3932992,ExecutionState.COMPLETED,2024-12-01 04:23:26.218005+00:00,2024-12-01 04:23:27.905192+00:00,2024-12-01 04:27:15.369052+00:00,2025-03-01 04:27:15.369053+00:00,
186,2136383.4619188085,430.8,2024-09-09,01JE07B1R8HC4R3SBWRHDSNKT8,3932992,ExecutionState.COMPLETED,2024-12-01 04:23:26.218005+00:00,2024-12-01 04:23:27.905192+00:00,2024-12-01 04:27:15.369052+00:00,2025-03-01 04:27:15.369053+00:00,
187,2136977.4619188085,594.0,2024-09-10,01JE07B1R8HC4R3SBWRHDSNKT8,3932992,ExecutionState.COMPLETED,2024-12-01 04:23:26.218005+00:00,2024-12-01 04:23:27.905192+00:00,2024-12-01 04:27:15.369052+00:00,2025-03-01 04:27:15.369053+00:00,
188,2138472.6619188087,1495.2000000000003,2024-09-11,01JE07B1R8HC4R3SBWRHDSNKT8,3932992,ExecutionState.COMPLETED,2024-12-01 04:23:26.218005+00:00,2024-12-01 04:23:27.905192+00:00,2024-12-01 04:27:15.369052+00:00,2025-03-01 04:27:15.369053+00:00,
189,2140106.4619188085,1633.8000000000002,2024-09-12,01JE07B1R8HC4R3SBWRHDSNKT8,3932992,ExecutionState.COMPLETED,2024-12-01 04:23:26.218005+00:00,2024-12-01 04:23:27.905192+00:00,2024-12-01 04:27:15.369052+00:00,2025-03-01 04:27:15.369053+00:00,
190,2141022.3619188084,915.9000000000001,2024-09-13,01JE07B1R8HC4R3SBWRHDSNKT8,3932992,ExecutionState.COMPLETED,2024-12-01 04:23:26.218005+00:00,2024-12-01 04:23:27.905192+00:00,2024-12-01 04:27:15.369052+00:00,2025-03-01 04:27:15.369053+00:00,
191,2141735.1619188082,712.8,2024-09-14,01JE07B1R8HC4R3SBWRHDSNKT8,3932992,ExecutionState.COMPLETED,2024-12-01 04:23:26.218005+00:00,2024-12-01 04:23:27.905192+00:00,2024-12-01 04:27:15.369052+00:00,2025-03-01 04:27:15.369053+00:00,
192,2143052.1619188082,1317.0000000000005,2024-09-15,01JE07B1R8HC4R3SBWRHDSNKT8,3932992,ExecutionState.COMPLETED,2024-12-01 04:23:26.218005+00:00,2024-12-01 04:23:27.905192+00:00,2024-12-01 04:27:15.369052+00:00,2025-03-01 04:27:15.369053+00:00,
193,2144849.1619188082,1797.0000000000005,2024-09-16,01JE07B1R8HC4R3SBWRHDSNKT8,3932992,ExecutionState.COMPLETED,2024-12-01 04:23:26.218005+00:00,2024-12-01 04:23:27.905192+00:00,2024-12-01 04:27:15.369052+00:00,2025-03-01 04:27:15.369053+00:00,
194,2145270.061918808,420.9,2024-09-17,01JE07B1R8HC4R3SBWRHDSNKT8,3932992,ExecutionState.COMPLETED,2024-12-01 04:23:26.218005+00:00,2024-12-01 04:23:27.905192+00:00,2024-12-01 04:27:15.369052+00:00,2025-03-01 04:27:15.369053+00:00,
195,2146423.861918808,1153.7999999999997,2024-09-18,01JE07B1R8HC4R3SBWRHDSNKT8,3932992,ExecutionState.COMPLETED,2024-12-01 04:23:26.218005+00:00,2024-12-01 04:23:27.905192+00:00,2024-12-01 04:27:15.369052+00:00,2025-03-01 04:27:15.369053+00:00,
196,2147577.661918808,1153.8000000000004,2024-09-19,01JE07B1R8HC4R3SBWRHDSNKT8,3932992,ExecutionState.COMPLETED,2024-12-01 04:23:26.218005+00:00,2024-12-01 04:23:27.905192+00:00,2024-12-01 04:27:15.369052+00:00,2025-03-01 04:27:15.369053+00:00,
197,2148870.0619188077,1292.4,2024-09-20,01JE07B1R8HC4R3SBWRHDSNKT8,3932992,ExecutionState.COMPLETED,2024-12-01 04:23:26.218005+00:00,2024-12-01 04:23:27.905192+00:00,2024-12-01 04:27:15.369052+00:00,2025-03-01 04:27:15.369053+00:00,
198,2149409.761918808,539.7,2024-09-21,01JE07B1R8HC4R3SBWRHDSNKT8,3932992,ExecutionState.COMPLETED,2024-12-01 04:23:26.218005+00:00,2024-12-01 04:23:27.905192+00:00,2024-12-01 04:27:15.369052+00:00,2025-03-01 04:27:15.369053+00:00,
199,2149627.5619188077,217.8,2024-09-22,01JE07B1R8HC4R3SBWRHDSNKT8,3932992,ExecutionState.COMPLETED,2024-12-01 04:23:26.218005+00:00,2024-12-01 04:23:27.905192+00:00,2024-12-01 04:27:15.369052+00:00,2025-03-01 04:27:15.369053+00:00,
200,2150295.9619188076,668.4,2024-09-23,01JE07B1R8HC4R3SBWRHDSNKT8,3932992,ExecutionState.COMPLETED,2024-12-01 04:23:26.218005+00:00,2024-12-01 04:23:27.905192+00:00,2024-12-01 04:27:15.369052+00:00,2025-03-01 04:27:15.369053+00:00,
201,2150617.8619188075,321.9,2024-09-24,01JE07B1R8HC4R3SBWRHDSNKT8,3932992,ExecutionState.COMPLETED,2024-12-01 04:23:26.218005+00:00,2024-12-01 04:23:27.905192+00:00,2024-12-01 04:27:15.369052+00:00,2025-03-01 04:27:15.369053+00:00,
202,2150845.6619188073,227.8,2024-09-25,01JE07B1R8HC4R3SBWRHDSNKT8,3932992,ExecutionState.COMPLETED,2024-12-01 04:23:26.218005+00:00,2024-12-01 04:23:27.905192+00:00,2024-12-01 04:27:15.369052+00:00,2025-03-01 04:27:15.369053+00:00,
203,2151212.2619188074,366.6,2024-09-26,01JE07B1R8HC4R3SBWRHDSNKT8,3932992,ExecutionState.COMPLETED,2024-12-01 04:23:26.218005+00:00,2024-12-01 04:23:27.905192+00:00,2024-12-01 04:27:15.369052+00:00,2025-03-01 04:27:15.369053+00:00,
204,2151648.1619188073,435.9,2024-09-27,01JE07B1R8HC4R3SBWRHDSNKT8,3932992,ExecutionState.COMPLETED,2024-12-01 04:23:26.218005+00:00,2024-12-01 04:23:27.905192+00:00,2024-12-01 04:27:15.369052+00:00,2025-03-01 04:27:15.369053+00:00,
205,2152469.8619188075,821.7,2024-09-28,01JE07B1R8HC4R3SBWRHDSNKT8,3932992,ExecutionState.COMPLETED,2024-12-01 04:23:26.218005+00:00,2024-12-01 04:23:27.905192+00:00,2024-12-01 04:27:15.369052+00:00,2025-03-01 04:27:15.369053+00:00,
206,2153143.0619188077,673.2,2024-09-29,01JE07B1R8HC4R3SBWRHDSNKT8,3932992,ExecutionState.COMPLETED,2024-12-01 04:23:26.218005+00:00,2024-12-01 04:23:27.905192+00:00,2024-12-01 04:27:15.369052+00:00,2025-03-01 04:27:15.369053+00:00,
207,2153905.3619188075,762.3,2024-09-30,01JE07B1R8HC4R3SBWRHDSNKT8,3932992,ExecutionState.COMPLETED,2024-12-01 04:23:26.218005+00:00,2024-12-01 04:23:27.905192+00:00,2024-12-01 04:27:15.369052+00:00,2025-03-01 04:27:15.369053+00:00,
208,2154276.7619188074,371.40000000000003,2024-10-01,01JE07B1R8HC4R3SBWRHDSNKT8,3932992,ExecutionState.COMPLETED,2024-12-01 04:23:26.218005+00:00,2024-12-01 04:23:27.905192+00:00,2024-12-01 04:27:15.369052+00:00,2025-03-01 04:27:15.369053+00:00,
209,2154573.7619188074,297.0,2024-10-02,01JE07B1R8HC4R3SBWRHDSNKT8,3932992,ExecutionState.COMPLETED,2024-12-01 04:23:26.218005+00:00,2024-12-01 04:23:27.905192+00:00,2024-12-01 04:27:15.369052+00:00,2025-03-01 04:27:15.369053+00:00,
210,2154766.9619188076,193.20000000000002,2024-10-03,01JE07B1R8HC4R3SBWRHDSNKT8,3932992,ExecutionState.COMPLETED,2024-12-01 04:23:26.218005+00:00,2024-12-01 04:23:27.905192+00:00,2024-12-01 04:27:15.369052+00:00,2025-03-01 04:27:15.369053+00:00,
211,2154960.161918808,193.20000000000002,2024-10-04,01JE07B1R8HC4R3SBWRHDSNKT8,3932992,ExecutionState.COMPLETED,2024-12-01 04:23:26.218005+00:00,2024-12-01 04:23:27.905192+00:00,2024-12-01 04:27:15.369052+00:00,2025-03-01 04:27:15.369053+00:00,
212,2155336.361918808,376.2,2024-10-05,01JE07B1R8HC4R3SBWRHDSNKT8,3932992,ExecutionState.COMPLETED,2024-12-01 04:23:26.218005+00:00,2024-12-01 04:23:27.905192+00:00,2024-12-01 04:27:15.369052+00:00,2025-03-01 04:27:15.369053+00:00,
213,2156237.261918808,900.9000000000002,2024-10-06,01JE07B1R8HC4R3SBWRHDSNKT8,3932992,ExecutionState.COMPLETED,2024-12-01 04:23:26.218005+00:00,2024-12-01 04:23:27.905192+00:00,2024-12-01 04:27:15.369052+00:00,2025-03-01 04:27:15.369053+00:00,
214,2156593.961918808,356.7,2024-10-07,01JE07B1R8HC4R3SBWRHDSNKT8,3932992,ExecutionState.COMPLETED,2024-12-01 04:23:26.218005+00:00,2024-12-01 04:23:27.905192+00:00,2024-12-01 04:27:15.369052+00:00,2025-03-01 04:27:15.369053+00:00,
215,2156782.061918808,188.1,2024-10-08,01JE07B1R8HC4R3SBWRHDSNKT8,3932992,ExecutionState.COMPLETED,2024-12-01 04:23:26.218005+00:00,2024-12-01 04:23:27.905192+00:00,2024-12-01 04:27:15.369052+00:00,2025-03-01 04:27:15.369053+00:00,
216,2157074.2619188083,292.2,2024-10-09,01JE07B1R8HC4R3SBWRHDSNKT8,3932992,ExecutionState.COMPLETED,2024-12-01 04:23:26.218005+00:00,2024-12-01 04:23:27.905192+00:00,2024-12-01 04:27:15.369052+00:00,2025-03-01 04:27:15.369053+00:00,
217,2157455.561918808,381.3,2024-10-10,01JE07B1R8HC4R3SBWRHDSNKT8,3932992,ExecutionState.COMPLETED,2024-12-01 04:23:26.218005+00:00,2024-12-01 04:23:27.905192+00:00,2024-12-01 04:27:15.369052+00:00,2025-03-01 04:27:15.369053+00:00,
218,2157856.6619188082,401.09999999999997,2024-10-11,01JE07B1R8HC4R3SBWRHDSNKT8,3932992,ExecutionState.COMPLETED,2024-12-01 04:23:26.218005+00:00,2024-12-01 04:23:27.905192+00:00,2024-12-01 04:27:15.369052+00:00,2025-03-01 04:27:15.369053+00:00,
219,2158420.961918808,564.3,2024-10-12,01JE07B1R8HC4R3SBWRHDSNKT8,3932992,ExecutionState.COMPLETED,2024-12-01 04:23:26.218005+00:00,2024-12-01 04:23:27.905192+00:00,2024-12-01 04:27:15.369052+00:00,2025-03-01 04:27:15.369053+00:00,
220,2158995.1619188082,574.2,2024-10-13,01JE07B1R8HC4R3SBWRHDSNKT8,3932992,ExecutionState.COMPLETED,2024-12-01 04:23:26.218005+00:00,2024-12-01 04:23:27.905192+00:00,2024-12-01 04:27:15.369052+00:00,2025-03-01 04:27:15.369053+00:00,
221,2159727.7619188083,732.6,2024-10-14,01JE07B1R8HC4R3SBWRHDSNKT8,3932992,ExecutionState.COMPLETED,2024-12-01 04:23:26.218005+00:00,2024-12-01 04:23:27.905192+00:00,2024-12-01 04:27:15.369052+00:00,2025-03-01 04:27:15.369053+00:00,
222,2160386.2619188083,658.5,2024-10-15,01JE07B1R8HC4R3SBWRHDSNKT8,3932992,ExecutionState.COMPLETED,2024-12-01 04:23:26.218005+00:00,2024-12-01 04:23:27.905192+00:00,2024-12-01 04:27:15.369052+00:00,2025-03-01 04:27:15.369053+00:00,
223,2160693.1619188082,306.9,2024-10-16,01JE07B1R8HC4R3SBWRHDSNKT8,3932992,ExecutionState.COMPLETED,2024-12-01 04:23:26.218005+00:00,2024-12-01 04:23:27.905192+00:00,2024-12-01 04:27:15.369052+00:00,2025-03-01 04:27:15.369053+00:00,
224,2161628.8619188084,935.7000000000003,2024-10-17,01JE07B1R8HC4R3SBWRHDSNKT8,3932992,ExecutionState.COMPLETED,2024-12-01 04:23:26.218005+00:00,2024-12-01 04:23:27.905192+00:00,2024-12-01 04:27:15.369052+00:00,2025-03-01 04:27:15.369053+00:00,
225,2162940.7619188083,1311.9,2024-10-18,01JE07B1R8HC4R3SBWRHDSNKT8,3932992,ExecutionState.COMPLETED,2024-12-01 04:23:26.218005+00:00,2024-12-01 04:23:27.905192+00:00,2024-12-01 04:27:15.369052+00:00,2025-03-01 04:27:15.369053+00:00,
226,2163277.6619188082,336.9,2024-10-19,01JE07B1R8HC4R3SBWRHDSNKT8,3932992,ExecutionState.COMPLETED,2024-12-01 04:23:26.218005+00:00,2024-12-01 04:23:27.905192+00:00,2024-12-01 04:27:15.369052+00:00,2025-03-01 04:27:15.369053+00:00,
227,2163609.461918808,331.8,2024-10-20,01JE07B1R8HC4R3SBWRHDSNKT8,3932992,ExecutionState.COMPLETED,2024-12-01 04:23:26.218005+00:00,2024-12-01 04:23:27.905192+00:00,2024-12-01 04:27:15.369052+00:00,2025-03-01 04:27:15.369053+00:00,
228,2164055.261918808,445.8,2024-10-21,01JE07B1R8HC4R3SBWRHDSNKT8,3932992,ExecutionState.COMPLETED,2024-12-01 04:23:26.218005+00:00,2024-12-01 04:23:27.905192+00:00,2024-12-01 04:27:15.369052+00:00,2025-03-01 04:27:15.369053+00:00,
229,2164268.261918808,213.0,2024-10-22,01JE07B1R8HC4R3SBWRHDSNKT8,3932992,ExecutionState.COMPLETED,2024-12-01 04:23:26.218005+00:00,2024-12-01 04:23:27.905192+00:00,2024-12-01 04:27:15.369052+00:00,2025-03-01 04:27:15.369053+00:00,
230,2164684.361918808,416.09999999999997,2024-10-23,01JE07B1R8HC4R3SBWRHDSNKT8,3932992,ExecutionState.COMPLETED,2024-12-01 04:23:26.218005+00:00,2024-12-01 04:23:27.905192+00:00,2024-12-01 04:27:15.369052+00:00,2025-03-01 04:27:15.369053+00:00,
231,2165268.461918808,584.1,2024-10-24,01JE07B1R8HC4R3SBWRHDSNKT8,3932992,ExecutionState.COMPLETED,2024-12-01 04:23:26.218005+00:00,2024-12-01 04:23:27.905192+00:00,2024-12-01 04:27:15.369052+00:00,2025-03-01 04:27:15.369053+00:00,
232,2166486.1619188082,1217.7000000000003,2024-10-25,01JE07B1R8HC4R3SBWRHDSNKT8,3932992,ExecutionState.COMPLETED,2024-12-01 04:23:26.218005+00:00,2024-12-01 04:23:27.905192+00:00,2024-12-01 04:27:15.369052+00:00,2025-03-01 04:27:15.369053+00:00,
233,2167911.7619188083,1425.5999999999995,2024-10-26,01JE07B1R8HC4R3SBWRHDSNKT8,3932992,ExecutionState.COMPLETED,2024-12-01 04:23:26.218005+00:00,2024-12-01 04:23:27.905192+00:00,2024-12-01 04:27:15.369052+00:00,2025-03-01 04:27:15.369053+00:00,
234,2169089.8619188084,1178.1000000000001,2024-10-27,01JE07B1R8HC4R3SBWRHDSNKT8,3932992,ExecutionState.COMPLETED,2024-12-01 04:23:26.218005+00:00,2024-12-01 04:23:27.905192+00:00,2024-12-01 04:27:15.369052+00:00,2025-03-01 04:27:15.369053+00:00,
235,2169347.2619188083,257.4,2024-10-28,01JE07B1R8HC4R3SBWRHDSNKT8,3932992,ExecutionState.COMPLETED,2024-12-01 04:23:26.218005+00:00,2024-12-01 04:23:27.905192+00:00,2024-12-01 04:27:15.369052+00:00,2025-03-01 04:27:15.369053+00:00,
236,2170287.7619188083,940.5,2024-10-29,01JE07B1R8HC4R3SBWRHDSNKT8,3932992,ExecutionState.COMPLETED,2024-12-01 04:23:26.218005+00:00,2024-12-01 04:23:27.905192+00:00,2024-12-01 04:27:15.369052+00:00,2025-03-01 04:27:15.369053+00:00,
237,2172084.7619188083,1797.000000000001,2024-10-30,01JE07B1R8HC4R3SBWRHDSNKT8,3932992,ExecutionState.COMPLETED,2024-12-01 04:23:26.218005+00:00,2024-12-01 04:23:27.905192+00:00,2024-12-01 04:27:15.369052+00:00,2025-03-01 04:27:15.369053+00:00,
238,2172634.3619188084,549.6,2024-10-31,01JE07B1R8HC4R3SBWRHDSNKT8,3932992,ExecutionState.COMPLETED,2024-12-01 04:23:26.218005+00:00,2024-12-01 04:23:27.905192+00:00,2024-12-01 04:27:15.369052+00:00,2025-03-01 04:27:15.369053+00:00,
239,2175129.1619188082,2494.8000000000015,2024-11-01,01JE07B1R8HC4R3SBWRHDSNKT8,3932992,ExecutionState.COMPLETED,2024-12-01 04:23:26.218005+00:00,2024-12-01 04:23:27.905192+00:00,2024-12-01 04:27:15.369052+00:00,2025-03-01 04:27:15.369053+00:00,
240,2177386.3619188084,2257.200000000001,2024-11-02,01JE07B1R8HC4R3SBWRHDSNKT8,3932992,ExecutionState.COMPLETED,2024-12-01 04:23:26.218005+00:00,2024-12-01 04:23:27.905192+00:00,2024-12-01 04:27:15.369052+00:00,2025-03-01 04:27:15.369053+00:00,
241,2177842.0619188086,455.70000000000005,2024-11-03,01JE07B1R8HC4R3SBWRHDSNKT8,3932992,ExecutionState.COMPLETED,2024-12-01 04:23:26.218005+00:00,2024-12-01 04:23:27.905192+00:00,2024-12-01 04:27:15.369052+00:00,2025-03-01 04:27:15.369053+00:00,
242,2179485.4619188085,1643.4000000000003,2024-11-04,01JE07B1R8HC4R3SBWRHDSNKT8,3932992,ExecutionState.COMPLETED,2024-12-01 04:23:26.218005+00:00,2024-12-01 04:23:27.905192+00:00,2024-12-01 04:27:15.369052+00:00,2025-03-01 04:27:15.369053+00:00,
243,2179792.3619188084,306.9,2024-11-05,01JE07B1R8HC4R3SBWRHDSNKT8,3932992,ExecutionState.COMPLETED,2024-12-01 04:23:26.218005+00:00,2024-12-01 04:23:27.905192+00:00,2024-12-01 04:27:15.369052+00:00,2025-03-01 04:27:15.369053+00:00,
244,2180257.6619188082,465.29999999999995,2024-11-06,01JE07B1R8HC4R3SBWRHDSNKT8,3932992,ExecutionState.COMPLETED,2024-12-01 04:23:26.218005+00:00,2024-12-01 04:23:27.905192+00:00,2024-12-01 04:27:15.369052+00:00,2025-03-01 04:27:15.369053+00:00,
245,2180777.561918808,519.9,2024-11-07,01JE07B1R8HC4R3SBWRHDSNKT8,3932992,ExecutionState.COMPLETED,2024-12-01 04:23:26.218005+00:00,2024-12-01 04:23:27.905192+00:00,2024-12-01 04:27:15.369052+00:00,2025-03-01 04:27:15.369053+00:00,
246,2181277.6619188082,500.1,2024-11-08,01JE07B1R8HC4R3SBWRHDSNKT8,3932992,ExecutionState.COMPLETED,2024-12-01 04:23:26.218005+00:00,2024-12-01 04:23:27.905192+00:00,2024-12-01 04:27:15.369052+00:00,2025-03-01 04:27:15.369053+00:00,
247,2182267.6619188082,990.0,2024-11-09,01JE07B1R8HC4R3SBWRHDSNKT8,3932992,ExecutionState.COMPLETED,2024-12-01 04:23:26.218005+00:00,2024-12-01 04:23:27.905192+00:00,2024-12-01 04:27:15.369052+00:00,2025-03-01 04:27:15.369053+00:00,
248,2182881.461918808,613.8,2024-11-10,01JE07B1R8HC4R3SBWRHDSNKT8,3932992,ExecutionState.COMPLETED,2024-12-01 04:23:26.218005+00:00,2024-12-01 04:23:27.905192+00:00,2024-12-01 04:27:15.369052+00:00,2025-03-01 04:27:15.369053+00:00,
249,2184178.361918808,1296.9000000000005,2024-11-11,01JE07B1R8HC4R3SBWRHDSNKT8,3932992,ExecutionState.COMPLETED,2024-12-01 04:23:26.218005+00:00,2024-12-01 04:23:27.905192+00:00,2024-12-01 04:27:15.369052+00:00,2025-03-01 04:27:15.369053+00:00,
250,2184777.461918808,599.1,2024-11-12,01JE07B1R8HC4R3SBWRHDSNKT8,3932992,ExecutionState.COMPLETED,2024-12-01 04:23:26.218005+00:00,2024-12-01 04:23:27.905192+00:00,2024-12-01 04:27:15.369052+00:00,2025-03-01 04:27:15.369053+00:00,
251,2185643.861918808,866.4000000000001,2024-11-13,01JE07B1R8HC4R3SBWRHDSNKT8,3932992,ExecutionState.COMPLETED,2024-12-01 04:23:26.218005+00:00,2024-12-01 04:23:27.905192+00:00,2024-12-01 04:27:15.369052+00:00,2025-03-01 04:27:15.369053+00:00,
252,2186223.161918808,579.3,2024-11-14,01JE07B1R8HC4R3SBWRHDSNKT8,3932992,ExecutionState.COMPLETED,2024-12-01 04:23:26.218005+00:00,2024-12-01 04:23:27.905192+00:00,2024-12-01 04:27:15.369052+00:00,2025-03-01 04:27:15.369053+00:00,
253,2187401.261918808,1178.1000000000006,2024-11-15,01JE07B1R8HC4R3SBWRHDSNKT8,3932992,ExecutionState.COMPLETED,2024-12-01 04:23:26.218005+00:00,2024-12-01 04:23:27.905192+00:00,2024-12-01 04:27:15.369052+00:00,2025-03-01 04:27:15.369053+00:00,
254,2188163.861918808,762.6,2024-11-16,01JE07B1R8HC4R3SBWRHDSNKT8,3932992,ExecutionState.COMPLETED,2024-12-01 04:23:26.218005+00:00,2024-12-01 04:23:27.905192+00:00,2024-12-01 04:27:15.369052+00:00,2025-03-01 04:27:15.369053+00:00,
255,2188505.561918808,341.7,2024-11-17,01JE07B1R8HC4R3SBWRHDSNKT8,3932992,ExecutionState.COMPLETED,2024-12-01 04:23:26.218005+00:00,2024-12-01 04:23:27.905192+00:00,2024-12-01 04:27:15.369052+00:00,2025-03-01 04:27:15.369053+00:00,
256,2189614.361918808,1108.7999999999997,2024-11-18,01JE07B1R8HC4R3SBWRHDSNKT8,3932992,ExecutionState.COMPLETED,2024-12-01 04:23:26.218005+00:00,2024-12-01 04:23:27.905192+00:00,2024-12-01 04:27:15.369052+00:00,2025-03-01 04:27:15.369053+00:00,
257,2190223.361918808,609.0,2024-11-19,01JE07B1R8HC4R3SBWRHDSNKT8,3932992,ExecutionState.COMPLETED,2024-12-01 04:23:26.218005+00:00,2024-12-01 04:23:27.905192+00:00,2024-12-01 04:27:15.369052+00:00,2025-03-01 04:27:15.369053+00:00,
258,2190669.161918808,445.8,2024-11-20,01JE07B1R8HC4R3SBWRHDSNKT8,3932992,ExecutionState.COMPLETED,2024-12-01 04:23:26.218005+00:00,2024-12-01 04:23:27.905192+00:00,2024-12-01 04:27:15.369052+00:00,2025-03-01 04:27:15.369053+00:00,
259,2190976.0619188077,306.9,2024-11-21,01JE07B1R8HC4R3SBWRHDSNKT8,3932992,ExecutionState.COMPLETED,2024-12-01 04:23:26.218005+00:00,2024-12-01 04:23:27.905192+00:00,2024-12-01 04:27:15.369052+00:00,2025-03-01 04:27:15.369053+00:00,
260,2191377.161918808,401.09999999999997,2024-11-22,01JE07B1R8HC4R3SBWRHDSNKT8,3932992,ExecutionState.COMPLETED,2024-12-01 04:23:26.218005+00:00,2024-12-01 04:23:27.905192+00:00,2024-12-01 04:27:15.369052+00:00,2025-03-01 04:27:15.369053+00:00,
261,2191723.661918808,346.5,2024-11-23,01JE07B1R8HC4R3SBWRHDSNKT8,3932992,ExecutionState.COMPLETED,2024-12-01 04:23:26.218005+00:00,2024-12-01 04:23:27.905192+00:00,2024-12-01 04:27:15.369052+00:00,2025-03-01 04:27:15.369053+00:00,
262,2192179.361918808,455.70000000000005,2024-11-24,01JE07B1R8HC4R3SBWRHDSNKT8,3932992,ExecutionState.COMPLETED,2024-12-01 04:23:26.218005+00:00,2024-12-01 04:23:27.905192+00:00,2024-12-01 04:27:15.369052+00:00,2025-03-01 04:27:15.369053+00:00,
263,2192654.561918808,475.2,2024-11-25,01JE07B1R8HC4R3SBWRHDSNKT8,3932992,ExecutionState.COMPLETED,2024-12-01 04:23:26.218005+00:00,2024-12-01 04:23:27.905192+00:00,2024-12-01 04:27:15.369052+00:00,2025-03-01 04:27:15.369053+00:00,
264,2192842.6619188082,188.1,2024-11-26,01JE07B1R8HC4R3SBWRHDSNKT8,3932992,ExecutionState.COMPLETED,2024-12-01 04:23:26.218005+00:00,2024-12-01 04:23:27.905192+00:00,2024-12-01 04:27:15.369052+00:00,2025-03-01 04:27:15.369053+00:00,
265,2194114.961918808,1272.3,2024-11-27,01JE07B1R8HC4R3SBWRHDSNKT8,3932992,ExecutionState.COMPLETED,2024-12-01 04:23:26.218005+00:00,2024-12-01 04:23:27.905192+00:00,2024-12-01 04:27:15.369052+00:00,2025-03-01 04:27:15.369053+00:00,
266,2195674.361918808,1559.4,2024-11-28,01JE07B1R8HC4R3SBWRHDSNKT8,3932992,ExecutionState.COMPLETED,2024-12-01 04:23:26.218005+00:00,2024-12-01 04:23:27.905192+00:00,2024-12-01 04:27:15.369052+00:00,2025-03-01 04:27:15.369053+00:00,
267,2196100.061918808,425.7,2024-11-29,01JE07B1R8HC4R3SBWRHDSNKT8,3932992,ExecutionState.COMPLETED,2024-12-01 04:23:26.218005+00:00,2024-12-01 04:23:27.905192+00:00,2024-12-01 04:27:15.369052+00:00,2025-03-01 04:27:15.369053+00:00,
268,2196442.061918808,342.0,2024-11-30,01JE07B1R8HC4R3SBWRHDSNKT8,3932992,ExecutionState.COMPLETED,2024-12-01 04:23:26.218005+00:00,2024-12-01 04:23:27.905192+00:00,2024-12-01 04:27:15.369052+00:00,2025-03-01 04:27:15.369053+00:00,
