,date,open,high,low,close,volume
0,2023-11-12,0.15,0.1679,0.1435,0.1663,736504.5792089
1,2023-11-13,0.1666,0.1946,0.1622,0.1624,2015526.46826735
2,2023-11-14,0.1621,0.1656,0.1526,0.1604,831943.69634852
3,2023-11-15,0.1605,0.1739,0.159,0.1735,613068.39635475
4,2023-11-16,0.1735,0.1794,0.1667,0.1717,587253.0302896
5,2023-11-17,0.1718,0.1752,0.1581,0.1649,553827.66361432
6,2023-11-18,0.1647,0.1724,0.1593,0.1703,599724.88501056
7,2023-11-19,0.1702,0.171,0.1648,0.1706,655162.54427481
8,2023-11-20,0.1704,0.18362,0.1688,0.17723,488696.84994009
9,2023-11-21,0.1773,0.18558,0.173,0.17544,585277.25314618
10,2023-11-22,0.1747,0.2102,0.17458,0.20713,516758.94787146
11,2023-11-23,0.20701,0.2293,0.20701,0.21655,583030.95540102
12,2023-11-24,0.21712,0.22175,0.2006,0.20223,478762.24074427
13,2023-11-25,0.20209,0.22824,0.20079,0.21945,551818.85408104
14,2023-11-26,0.21935,0.22128,0.20248,0.20715,372270.99008258
15,2023-11-27,0.20735,0.20924,0.1964,0.20263,290550.3539738
16,2023-11-28,0.20295,0.205,0.19319,0.20129,458509.96383091
17,2023-11-29,0.20138,0.20252,0.19255,0.1929,198910.26847123
18,2023-11-30,0.19283,0.19433,0.1864,0.18725,155172.38567954
19,2023-12-01,0.18724,0.19084,0.18664,0.19017,224689.74139761
20,2023-12-02,0.19035,0.19439,0.18919,0.19334,194411.0395198
21,2023-12-03,0.19337,0.1995,0.19303,0.19708,248109.55039997
22,2023-12-04,0.1977,0.20709,0.19472,0.20511,448238.90059339
23,2023-12-05,0.20505,0.21,0.20075,0.20963,274976.53726099
24,2023-12-06,0.20963,0.21877,0.20663,0.21357,717667.17234302
25,2023-12-07,0.21377,0.22639,0.21343,0.22639,498115.19264286
26,2023-12-08,0.22648,0.2566,0.22636,0.25624,528615.98044188
27,2023-12-09,0.25633,0.2676,0.24312,0.24433,362170.73098252
28,2023-12-10,0.24455,0.25286,0.24308,0.2528,221153.04897999
29,2023-12-11,0.25288,0.2533,0.2115,0.24573,409603.29122237
30,2023-12-12,0.24549,0.2553,0.24361,0.25344,338417.2012231
31,2023-12-13,0.25321,0.25744,0.23952,0.25721,569749.3629025
32,2023-12-14,0.25844,0.25854,0.24754,0.25452,310676.4462085
33,2023-12-15,0.25468,0.25468,0.23695,0.2373,372222.24072539
34,2023-12-16,0.23728,0.27761,0.23455,0.25517,1111035.54005102
35,2023-12-17,0.25585,0.25632,0.24457,0.24707,563524.07090825
36,2023-12-18,0.24677,0.24935,0.22515,0.24186,434868.36405855
37,2023-12-19,0.24189,0.24487,0.23093,0.23326,225972.85858338
38,2023-12-20,0.23341,0.24166,0.23219,0.23523,256436.78895719
39,2023-12-21,0.23562,0.24692,0.23382,0.24652,442628.82696446
40,2023-12-22,0.24678,0.24891,0.23869,0.24479,419313.68568393
41,2023-12-23,0.24464,0.2452,0.23589,0.24246,233829.99919608
42,2023-12-24,0.24261,0.2473,0.23696,0.23836,266096.26267917
43,2023-12-25,0.23842,0.24394,0.23678,0.24363,264290.96863007
44,2023-12-26,0.24337,0.25411,0.22763,0.23927,553983.34510793
45,2023-12-27,0.23926,0.24925,0.23129,0.24789,395650.17473704
46,2023-12-28,0.24816,0.25399,0.23516,0.23854,545229.57065392
47,2023-12-29,0.23879,0.24072,0.23089,0.23488,302238.75769201
48,2023-12-30,0.23499,0.23654,0.23036,0.23417,147028.78729803
49,2023-12-31,0.23404,0.2364,0.21307,0.22768,479593.3959044
50,2024-01-01,0.22796,0.2415,0.22566,0.23847,803660.86824522
51,2024-01-02,0.23865,0.24214,0.22705,0.22929,563958.95447994
52,2024-01-03,0.22921,0.2327,0.17309,0.20317,1128328.70339262
53,2024-01-04,0.20333,0.21452,0.20243,0.21316,251189.74260583
54,2024-01-05,0.21345,0.21358,0.1919,0.19976,376923.37680919
55,2024-01-06,0.19989,0.1999,0.18336,0.18618,336845.87555693
56,2024-01-07,0.18591,0.18851,0.16807,0.16929,1223190.15658352
57,2024-01-08,0.16941,0.1904,0.15384,0.18896,938609.63238338
58,2024-01-09,0.18846,0.19044,0.17029,0.17851,1155351.06274544
59,2024-01-10,0.17854,0.20335,0.17371,0.19721,885798.83328789
60,2024-01-11,0.1979,0.20756,0.19222,0.20148,632394.92312824
61,2024-01-12,0.20131,0.20355,0.17938,0.18695,533346.20367774
62,2024-01-13,0.18738,0.1979,0.18162,0.19272,292862.19703637
63,2024-01-14,0.19295,0.19531,0.18606,0.18658,260677.88455797
64,2024-01-15,0.18657,0.19406,0.1865,0.19313,343433.47841146
65,2024-01-16,0.19297,0.26348,0.19178,0.22611,5059293.30393848
66,2024-01-17,0.22606,0.23653,0.21777,0.22391,1547311.49991673
67,2024-01-18,0.22408,0.22621,0.20405,0.20977,528189.39599622
68,2024-01-19,0.2107,0.21204,0.19264,0.20309,472834.10582844
69,2024-01-20,0.20339,0.21809,0.19683,0.20022,446794.91073511
70,2024-01-21,0.19974,0.20698,0.19874,0.20066,275343.21401962
71,2024-01-22,0.20159,0.20853,0.19103,0.19777,775459.3933675
72,2024-01-23,0.19765,0.20212,0.17852,0.19032,725792.23424227
73,2024-01-24,0.19018,0.195,0.18591,0.19342,462807.90853435
74,2024-01-25,0.19349,0.20137,0.18829,0.19378,581073.99324091
75,2024-01-26,0.19357,0.20962,0.19229,0.20299,483972.93379193
76,2024-01-27,0.20317,0.21081,0.19874,0.20864,457861.29393458
77,2024-01-28,0.20883,0.21014,0.19898,0.20111,140963.53751067
78,2024-01-29,0.20106,0.20908,0.20042,0.20782,106524.72303905
79,2024-01-30,0.2078,0.20945,0.2009,0.2019,271441.13304355
80,2024-01-31,0.20281,0.2031,0.18986,0.19286,338762.87627004
81,2024-02-01,0.19311,0.19506,0.18847,0.19442,568607.19644248
82,2024-02-02,0.19494,0.19868,0.19196,0.19772,181994.7789919
83,2024-02-03,0.19763,0.19941,0.19372,0.19457,152340.98173546
84,2024-02-04,0.19464,0.19491,0.18993,0.19102,180624.51420785
85,2024-02-05,0.19102,0.19618,0.18864,0.19391,214388.87359176
86,2024-02-06,0.19365,0.19681,0.1919,0.19454,285917.48831278
87,2024-02-07,0.19464,0.20375,0.19326,0.20299,248996.93125577
88,2024-02-08,0.20309,0.20766,0.20081,0.20396,192999.03867042
89,2024-02-09,0.20429,0.21408,0.20386,0.21253,134263.35746167
90,2024-02-10,0.21319,0.22058,0.21015,0.2161,274318.95683679
91,2024-02-11,0.21644,0.22524,0.21615,0.22103,302859.48673011
92,2024-02-12,0.22102,0.23288,0.21771,0.22976,303939.82102533
93,2024-02-13,0.22985,0.23419,0.22316,0.22773,336472.4579489
94,2024-02-14,0.22765,0.25361,0.22571,0.24157,612849.41481017
95,2024-02-15,0.24146,0.24606,0.22411,0.22865,391644.14041044
96,2024-02-16,0.22907,0.23423,0.21799,0.22676,370468.33965312
97,2024-02-17,0.22693,0.22737,0.21609,0.22465,144196.54488001
98,2024-02-18,0.22456,0.22932,0.22167,0.22561,133842.13206458
99,2024-02-19,0.22571,0.2375,0.22534,0.23688,360782.32192931
100,2024-02-20,0.23763,0.24269,0.22134,0.23183,486436.24537091
101,2024-02-21,0.23168,0.23203,0.21445,0.22373,192307.01331962
102,2024-02-22,0.22374,0.22565,0.21905,0.21911,350442.8779547
103,2024-02-23,0.21897,0.22274,0.21471,0.21983,460924.29343355
104,2024-02-24,0.22056,0.23524,0.21955,0.23339,194693.07035898
105,2024-02-25,0.2335,0.23549,0.22587,0.22779,175982.55527453
106,2024-02-26,0.22809,0.23449,0.2206,0.23194,161185.51924473
107,2024-02-27,0.23233,0.24815,0.2261,0.2326,397081.66392783
108,2024-02-28,0.23259,0.25427,0.2207,0.24017,1024073.31474782
109,2024-02-29,0.24017,0.26101,0.23666,0.24666,674266.60469168
110,2024-03-01,0.24691,0.27827,0.24691,0.27827,604519.42543663
111,2024-03-02,0.27787,0.30936,0.27267,0.30924,866698.20177425
112,2024-03-03,0.30908,0.32468,0.28437,0.31899,938653.84962953
113,2024-03-04,0.31882,0.32026,0.29742,0.30713,645543.2923323
114,2024-03-05,0.30768,0.30874,0.22,0.2654,1015303.72483892
115,2024-03-06,0.26525,0.28194,0.25382,0.28109,673140.23888145
116,2024-03-07,0.2812,0.29813,0.27413,0.29562,958687.91773456
117,2024-03-08,0.2959,0.29957,0.27309,0.28899,1295967.94338475
118,2024-03-09,0.28929,0.29205,0.28224,0.28331,774019.08362624
119,2024-03-10,0.28368,0.29079,0.27145,0.28191,804377.77260175
120,2024-03-11,0.2823,0.29561,0.2652,0.29216,935515.51730132
121,2024-03-12,0.29295,0.30332,0.26733,0.29131,1390069.94283369
122,2024-03-13,0.29128,0.31606,0.2904,0.3151,1853703.11373205
123,2024-03-14,0.31584,0.31617,0.28,0.30244,1840523.6030272
124,2024-03-15,0.30333,0.30916,0.27053,0.28725,1502537.58040934
125,2024-03-16,0.28725,0.29326,0.2498,0.25601,858018.84238078
126,2024-03-17,0.25606,0.27206,0.24188,0.26801,519826.53806635
127,2024-03-18,0.26801,0.27193,0.24424,0.25022,537943.24642484
128,2024-03-19,0.25085,0.25318,0.22564,0.23246,539967.5557074
129,2024-03-20,0.23214,0.25755,0.22316,0.25541,746941.89689989
130,2024-03-21,0.25619,0.2584,0.24426,0.25054,307017.37624371
131,2024-03-22,0.25087,0.26145,0.24267,0.25082,369742.0606295
132,2024-03-23,0.25143,0.2617,0.24753,0.25602,181881.06701962
133,2024-03-24,0.2563,0.26712,0.25351,0.26612,661357.07295653
134,2024-03-25,0.26626,0.28232,0.26465,0.2778,424048.55660856
135,2024-03-26,0.27824,0.28626,0.27227,0.28136,316463.44953428
136,2024-03-27,0.28223,0.28427,0.26142,0.26627,576881.54134495
137,2024-03-28,0.26666,0.27074,0.261,0.26863,402086.21418126
138,2024-03-29,0.26941,0.27552,0.26082,0.26725,225292.17344392
139,2024-03-30,0.26749,0.26975,0.26119,0.26273,164945.36825248
140,2024-03-31,0.2627,0.26654,0.26104,0.26604,127605.07155807
141,2024-04-01,0.26587,0.26659,0.24927,0.25602,323383.39569487
142,2024-04-02,0.25598,0.25598,0.23364,0.24114,218695.23536018
143,2024-04-03,0.24137,0.25117,0.23258,0.23926,214055.00029696
144,2024-04-04,0.23855,0.27134,0.23386,0.25216,498894.16746371
145,2024-04-05,0.25201,0.25318,0.23625,0.24456,167519.52381749
146,2024-04-06,0.24356,0.24898,0.24285,0.24729,97127.11628241
147,2024-04-07,0.24802,0.25088,0.24691,0.24875,226446.6935194
148,2024-04-08,0.24869,0.25643,0.24393,0.25347,227695.26122235
149,2024-04-09,0.25418,0.25418,0.23984,0.24298,224320.4761378
150,2024-04-10,0.24286,0.24472,0.2323,0.24323,135150.3528109
151,2024-04-11,0.24333,0.24863,0.23984,0.24143,176413.1886413
152,2024-04-12,0.24139,0.24389,0.17977,0.20211,1412021.60168371
153,2024-04-13,0.20161,0.20528,0.14845,0.17317,1176527.5260024
154,2024-04-14,0.173,0.19137,0.16734,0.19066,457157.39217379
155,2024-04-15,0.19068,0.19691,0.17489,0.18128,383443.147653
156,2024-04-16,0.18095,0.18347,0.1712,0.18108,283133.58056596
157,2024-04-17,0.18089,0.18348,0.17059,0.17638,383239.93874173
158,2024-04-18,0.17664,0.18727,0.1722,0.18548,223343.89692014
159,2024-04-19,0.18549,0.19343,0.17202,0.1866,302691.52259327
160,2024-04-20,0.18639,0.20122,0.18484,0.20041,244076.81567803
161,2024-04-21,0.19967,0.2034,0.19592,0.1993,135607.51445021
162,2024-04-22,0.19935,0.20928,0.19838,0.20893,157221.71984671
163,2024-04-23,0.20892,0.21395,0.20551,0.21035,326182.43988817
164,2024-04-24,0.21074,0.21495,0.19538,0.19709,264954.48442118
165,2024-04-25,0.19683,0.20051,0.18918,0.19554,125284.15396356
166,2024-04-26,0.19553,0.19574,0.18855,0.18985,194406.24972155
167,2024-04-27,0.18994,0.19373,0.18363,0.19187,311822.05005662
168,2024-04-28,0.1922,0.19609,0.1902,0.19039,130185.48429318
169,2024-04-29,0.19036,0.1914,0.183,0.18865,174830.48632184
170,2024-04-30,0.18829,0.19202,0.17012,0.17482,316020.62413739
171,2024-05-01,0.17488,0.17553,0.16261,0.17462,270695.92444136
172,2024-05-02,0.17459,0.17621,0.16914,0.1745,105043.52842685
173,2024-05-03,0.17455,0.18648,0.17335,0.18506,121846.54975895
174,2024-05-04,0.18502,0.18628,0.18237,0.18285,107818.28813416
175,2024-05-05,0.18297,0.18715,0.17885,0.18356,67788.66989416
176,2024-05-06,0.18351,0.18868,0.17878,0.17912,97233.73603098
177,2024-05-07,0.17911,0.18192,0.17357,0.17376,85197.88516577
178,2024-05-08,0.17429,0.17839,0.17195,0.17352,139024.3234003
179,2024-05-09,0.17343,0.17873,0.16971,0.17838,190592.78695931
180,2024-05-10,0.17857,0.17969,0.16602,0.1687,236914.11828222
181,2024-05-11,0.16872,0.1701,0.16519,0.16559,188521.61341938
182,2024-05-12,0.16541,0.16722,0.16341,0.16478,103313.30069385
183,2024-05-13,0.16483,0.17048,0.16007,0.16592,148432.53051398
184,2024-05-14,0.16569,0.16682,0.16146,0.16148,78828.74327113
185,2024-05-15,0.16147,0.17446,0.16076,0.17351,163401.41780194
186,2024-05-16,0.17354,0.17556,0.16898,0.17217,373597.96580246
187,2024-05-17,0.17223,0.18004,0.17089,0.18001,184636.48095109
188,2024-05-18,0.17959,0.18268,0.17747,0.18167,164860.10699115
189,2024-05-19,0.18154,0.18274,0.17441,0.17535,70801.52257346
190,2024-05-20,0.17531,0.18793,0.17338,0.18735,76627.92783434
191,2024-05-21,0.18774,0.19075,0.18578,0.18893,151898.65208651
192,2024-05-22,0.18885,0.19071,0.18517,0.18932,222957.95817122
193,2024-05-23,0.18932,0.19121,0.17593,0.18456,354746.82084625
194,2024-05-24,0.18462,0.18706,0.17984,0.18579,439421.14389963
195,2024-05-25,0.18577,0.18891,0.18508,0.18824,91281.63263425
196,2024-05-26,0.18821,0.18857,0.1848,0.18709,139015.20161355
197,2024-05-27,0.18701,0.19411,0.18678,0.19206,517347.60330453
198,2024-05-28,0.19203,0.19431,0.18637,0.19194,313150.12917369
199,2024-05-29,0.19199,0.20076,0.19052,0.19542,1106450.75366251
200,2024-05-30,0.19533,0.2034,0.19365,0.19999,315801.86211119
201,2024-05-31,0.19995,0.21157,0.19909,0.20556,161223.15570959
202,2024-06-01,0.2056,0.21899,0.20537,0.21375,358915.53351036
203,2024-06-02,0.21345,0.23137,0.21345,0.2309,222597.74992992
204,2024-06-03,0.23046,0.26034,0.22198,0.22272,746493.4723945
205,2024-06-04,0.22247,0.22253,0.20999,0.21739,447498.84245553
206,2024-06-05,0.21699,0.21799,0.21303,0.21414,144790.74459527
207,2024-06-06,0.21399,0.21489,0.2101,0.21145,554493.11405445
208,2024-06-07,0.21124,0.22232,0.182,0.20356,1238926.15572024
209,2024-06-08,0.2031,0.20878,0.19904,0.19947,606000.50679606
210,2024-06-09,0.19939,0.2006,0.19616,0.19797,130676.13722017
211,2024-06-10,0.19774,0.20191,0.19215,0.19816,181139.38554203
212,2024-06-11,0.19776,0.19776,0.18062,0.18463,421676.26791021
213,2024-06-12,0.18502,0.19694,0.18169,0.19121,265364.45321077
214,2024-06-13,0.19122,0.19229,0.1781,0.18233,158367.6780604
215,2024-06-14,0.18217,0.18711,0.17584,0.1794,257776.07668084
216,2024-06-15,0.18014,0.18222,0.17821,0.18068,101523.73228121
217,2024-06-16,0.18119,0.18135,0.17905,0.1802,58938.4583521
218,2024-06-17,0.17987,0.18068,0.1621,0.16583,150110.59054538
219,2024-06-18,0.16641,0.16641,0.15001,0.16325,505016.96571281
220,2024-06-19,0.16314,0.16794,0.15855,0.16011,94754.21535736
221,2024-06-20,0.16023,0.16716,0.15888,0.15955,104525.12075221
222,2024-06-21,0.15914,0.16119,0.1562,0.1595,132811.66177329
223,2024-06-22,0.15955,0.16094,0.15808,0.15957,44169.81071263
224,2024-06-23,0.15938,0.16145,0.15482,0.15638,40847.82486154
225,2024-06-24,0.15622,0.15705,0.14899,0.15512,149943.64592628
226,2024-06-25,0.15512,0.16428,0.15507,0.16366,187416.61260093
227,2024-06-26,0.16387,0.16491,0.15886,0.16037,91796.72121904
228,2024-06-27,0.16033,0.16355,0.15767,0.1614,102465.87736791
229,2024-06-28,0.16147,0.16434,0.15967,0.15967,51831.94547291
230,2024-06-29,0.15998,0.16161,0.15683,0.15725,19298.50957635
231,2024-06-30,0.15727,0.16142,0.15516,0.16081,62467.06298493
232,2024-07-01,0.16035,0.16238,0.15764,0.15821,56347.68810524
233,2024-07-02,0.15858,0.15912,0.15545,0.15676,75513.34869426
234,2024-07-03,0.15693,0.15741,0.15102,0.15262,49376.91749197
235,2024-07-04,0.15251,0.15319,0.13924,0.13949,173411.84000831
236,2024-07-05,0.13942,0.14307,0.12483,0.14218,1015412.55628338
237,2024-07-06,0.14187,0.15545,0.14143,0.15357,96701.29143501
238,2024-07-07,0.15311,0.15311,0.13854,0.13854,85983.63474163
239,2024-07-08,0.13869,0.14875,0.135,0.14534,81612.01009729
240,2024-07-09,0.14499,0.14879,0.14467,0.14788,103278.49884575
241,2024-07-10,0.14792,0.15012,0.14535,0.14651,70580.95320074
242,2024-07-11,0.14637,0.15069,0.14607,0.14644,73863.60819886
243,2024-07-12,0.1463,0.14727,0.1401,0.14265,36222.81111371
244,2024-07-13,0.14285,0.14975,0.14267,0.14858,198741.55800021
245,2024-07-14,0.14866,0.15066,0.1466,0.14969,54841.71907715
246,2024-07-15,0.14939,0.15871,0.14875,0.15816,139283.05903344
247,2024-07-16,0.15802,0.15947,0.15066,0.15846,133403.74800088
248,2024-07-17,0.15863,0.1629,0.15594,0.15638,539059.89890716
249,2024-07-18,0.15678,0.15879,0.15293,0.15433,86200.96252164
250,2024-07-19,0.15438,0.16,0.15237,0.15893,118961.06010014
251,2024-07-20,0.15863,0.1605,0.1574,0.15797,63479.48212278
252,2024-07-21,0.15801,0.15844,0.15139,0.15777,63368.73614012
253,2024-07-22,0.15788,0.15819,0.1401,0.14307,375420.66500073
254,2024-07-23,0.14302,0.14456,0.13974,0.14101,82371.0050159
255,2024-07-24,0.141,0.14488,0.13983,0.14049,269224.0579836
256,2024-07-25,0.14003,0.14003,0.13378,0.13885,236378.47868331
257,2024-07-26,0.13887,0.14399,0.13887,0.14395,53298.36
258,2024-07-27,0.14382,0.14727,0.14227,0.14451,75450.06
259,2024-07-28,0.14408,0.1447,0.14199,0.14199,48418.48
260,2024-07-29,0.14333,0.14616,0.14033,0.14063,65575.66
261,2024-07-30,0.14043,0.14228,0.13764,0.13933,62996.98
262,2024-07-31,0.13912,0.14107,0.13602,0.13626,41905.33825387
263,2024-08-01,0.13684,0.13834,0.12742,0.13553,146504.6
264,2024-08-02,0.13574,0.13574,0.12848,0.12973,95720.26659938
265,2024-08-03,0.1303,0.13154,0.1255,0.12702,120802.19
266,2024-08-04,0.12866,0.12886,0.11908,0.12251,173275.292
267,2024-08-05,0.12223,0.12333,0.1,0.11689,1094550.7951246
268,2024-08-06,0.11897,0.12401,0.11896,0.12214,156465.05
269,2024-08-07,0.12195,0.12671,0.11836,0.1213,133573.39
270,2024-08-08,0.12009,0.13275,0.11933,0.13188,161523.02
271,2024-08-09,0.13153,0.13167,0.12748,0.13053,54812.51
272,2024-08-10,0.13057,0.13238,0.12926,0.13142,24465.04
273,2024-08-11,0.13107,0.13298,0.12447,0.12447,91075.11
274,2024-08-12,0.12477,0.13131,0.12417,0.12938,162034.38
275,2024-08-13,0.1295,0.13188,0.12743,0.13124,57632.46
276,2024-08-14,0.13159,0.13385,0.12828,0.12867,121607.91
277,2024-08-15,0.12974,0.13086,0.1245,0.12809,103200.77
278,2024-08-16,0.12812,0.13103,0.12636,0.12814,37030.181904
279,2024-08-17,0.12817,0.15104,0.1278,0.14928,338723.68
280,2024-08-18,0.1497,0.15229,0.14603,0.14919,143527.46
281,2024-08-19,0.14885,0.15709,0.14885,0.15307,213499.56
282,2024-08-20,0.15228,0.16251,0.15214,0.15893,129577.95
283,2024-08-21,0.158,0.16751,0.1551,0.16751,87758.08
284,2024-08-22,0.1685,0.17362,0.16793,0.17176,172186.1
285,2024-08-23,0.16991,0.17872,0.16403,0.17676,207899.11
286,2024-08-24,0.17809,0.1808,0.17355,0.17694,89688.01
287,2024-08-25,0.17811,0.17951,0.1735,0.17573,109272.93
288,2024-08-26,0.17413,0.17413,0.16546,0.16754,241048.57
289,2024-08-27,0.16779,0.17846,0.15857,0.16326,225439.12
290,2024-08-28,0.16273,0.1763,0.16072,0.16445,346969.07
291,2024-08-29,0.16478,0.17535,0.15393,0.157,364335.13
292,2024-08-30,0.15586,0.15775,0.13999,0.14301,548555.37
293,2024-08-31,0.14273,0.14439,0.1369,0.14386,219073.2
294,2024-09-01,0.14335,0.14418,0.13368,0.13628,206727.07
295,2024-09-02,0.13578,0.13868,0.135,0.13777,214358.83
296,2024-09-03,0.13792,0.14155,0.1291,0.12911,161383.97
297,2024-09-04,0.12892,0.13327,0.12297,0.1328,350071.12
298,2024-09-05,0.13239,0.13246,0.12609,0.12803,395634.43
299,2024-09-06,0.12812,0.13022,0.12,0.1245,165720.08085356
300,2024-09-07,0.1244,0.12798,0.12395,0.12554,123703.75
301,2024-09-08,0.12575,0.12972,0.12506,0.12875,107447.09
302,2024-09-09,0.12892,0.13651,0.12822,0.13481,190639.13
303,2024-09-10,0.13489,0.13489,0.13201,0.13316,62211.68
304,2024-09-11,0.13318,0.13318,0.1267,0.13029,528629.36
305,2024-09-12,0.13048,0.13384,0.13026,0.13367,118063.06
306,2024-09-13,0.13374,0.13581,0.13217,0.13538,134818.45
307,2024-09-14,0.1355,0.13588,0.13259,0.13398,101168.56
308,2024-09-15,0.13384,0.13449,0.1285,0.12955,147356.91
309,2024-09-16,0.12914,0.12951,0.12562,0.12763,53258.02
310,2024-09-17,0.12699,0.13292,0.12699,0.13139,120851.97
311,2024-09-18,0.13048,0.13268,0.12583,0.13267,227626.99
312,2024-09-19,0.13292,0.13598,0.13292,0.13515,794609.63
313,2024-09-20,0.13489,0.13929,0.13292,0.13692,380257.89
314,2024-09-21,0.13688,0.1388,0.13458,0.1388,185320.48
315,2024-09-22,0.13851,0.13851,0.13206,0.13432,70394.93
316,2024-09-23,0.1328,0.13821,0.13279,0.13627,428037.96
317,2024-09-24,0.13578,0.13711,0.13404,0.13673,138886.16
318,2024-09-25,0.13678,0.13791,0.13471,0.13533,119063.5
319,2024-09-26,0.13605,0.14055,0.13292,0.13849,758144.54
320,2024-09-27,0.13931,0.14694,0.13858,0.14527,326643.39
321,2024-09-28,0.14597,0.14962,0.14257,0.14568,276249.31
322,2024-09-29,0.14578,0.14579,0.14139,0.1432,173170.57
323,2024-09-30,0.14409,0.14458,0.13372,0.13409,244971.28
324,2024-10-01,0.13416,0.13819,0.12375,0.1265,370359.01
325,2024-10-02,0.12629,0.13188,0.12367,0.12575,327844.52
326,2024-10-03,0.1254,0.1275,0.12072,0.12319,209007.09
327,2024-10-04,0.12359,0.12855,0.123,0.12852,1979233.25
328,2024-10-05,0.12876,0.1339,0.12876,0.1319,222893.4
329,2024-10-06,0.131,0.134,0.1301,0.13358,159982.32
330,2024-10-07,0.13437,0.13614,0.13182,0.13204,164321.57
331,2024-10-08,0.13228,0.13286,0.12828,0.129,161564.89
332,2024-10-09,0.1298,0.13153,0.12671,0.12779,299058.66
333,2024-10-10,0.12769,0.12934,0.12433,0.1274,118984.57
334,2024-10-11,0.12701,0.12918,0.12668,0.12859,167828.3
335,2024-10-12,0.12889,0.13001,0.1283,0.1289,183511.43
336,2024-10-13,0.12893,0.12954,0.12666,0.1279,341634.67
337,2024-10-14,0.12786,0.1316,0.12697,0.1316,800144.7
338,2024-10-15,0.13118,0.13121,0.12322,0.1267,179070.34
339,2024-10-16,0.12723,0.14123,0.12539,0.12969,2752764.94
340,2024-10-17,0.13,0.13002,0.12361,0.12424,809707.87
341,2024-10-18,0.12447,0.12958,0.12405,0.12924,2223259.81
342,2024-10-19,0.12927,0.13035,0.12877,0.12936,480094.85
343,2024-10-20,0.12968,0.13011,0.127,0.12976,568315.31
344,2024-10-21,0.12995,0.13178,0.12601,0.12755,466050.22
345,2024-10-22,0.1274,0.1274,0.11936,0.12259,2250049.12
346,2024-10-23,0.12254,0.12277,0.11935,0.12088,366708.17
347,2024-10-24,0.12132,0.12193,0.12023,0.12193,422356.0
348,2024-10-25,0.12169,0.12199,0.11777,0.11865,344720.25
349,2024-10-26,0.11848,0.1188,0.11728,0.11793,57194.98032955
350,2024-10-27,0.11793,0.11793,0.11793,0.11793,0.0
351,2024-10-28,0.11793,0.11793,0.11793,0.11793,0.0
352,2024-10-29,0.16,0.2,0.114,0.1245,1520906.87
353,2024-10-30,0.12485,0.14798,0.12255,0.12751,4464076.49
354,2024-10-31,0.12737,0.15919,0.1273,0.14269,149429102.9
355,2024-11-01,0.14263,0.14652,0.131,0.13464,94560055.88
356,2024-11-02,0.13459,0.1354,0.1257,0.1291,20364687.42
357,2024-11-03,0.1293,0.13198,0.12059,0.12306,33977520.54
358,2024-11-04,0.12313,0.12594,0.11104,0.11675,28607313.37
359,2024-11-05,0.11675,0.12034,0.11608,0.11867,28872767.95
360,2024-11-06,0.11854,0.12453,0.11813,0.12403,25542857.0
361,2024-11-07,0.12408,0.12705,0.12144,0.12328,15085701.132655
362,2024-11-08,0.12311,0.12397,0.1201,0.12199,13019621.34
363,2024-11-09,0.12182,0.12651,0.12056,0.12643,16318967.48
364,2024-11-10,0.12619,0.13834,0.12526,0.13168,33091540.28
365,2024-11-11,0.13165,0.13423,0.12752,0.13187,12893410.98
366,2024-11-12,0.13186,0.13186,0.12027,0.12359,13463999.42
367,2024-11-13,0.12366,0.1249,0.11713,0.12054,12852581.4
368,2024-11-14,0.12051,0.13186,0.11698,0.1243,15177814.95
369,2024-11-15,0.12425,0.12986,0.12362,0.12904,9966425.41
370,2024-11-16,0.12901,0.14267,0.12839,0.13776,16243125.0
371,2024-11-17,0.13795,0.14099,0.12799,0.1314,8274520.26
372,2024-11-18,0.13183,0.1373,0.13108,0.13658,4917633.06
373,2024-11-19,0.13658,0.15611,0.13657,0.14879,12749833.73
374,2024-11-20,0.14904,0.14915,0.13943,0.14259,6607415.55
375,2024-11-21,0.14274,0.14968,0.1409,0.14889,2884996.2
376,2024-11-22,0.14874,0.16822,0.14665,0.16699,4471871.26
377,2024-11-23,0.16723,0.1809,0.16472,0.17435,4369852.32
378,2024-11-24,0.17372,0.2112,0.17372,0.20916,26263382.02
379,2024-11-25,0.2093,0.20985,0.17665,0.18356,13746998.33
380,2024-11-26,0.1836,0.1912,0.1723,0.17969,8759755.52
381,2024-11-27,0.17953,0.1906,0.17953,0.19007,14223581.64
382,2024-11-28,0.19014,0.19477,0.18639,0.19281,13640860.47
383,2024-11-29,0.19291,0.19691,0.18787,0.19653,10130150.15
384,2024-11-30,0.19631,0.20697,0.19512,0.20653,17460586.41
385,2024-12-01,0.20668,0.26306,0.2009,0.25407,72366268.32
386,2024-12-02,0.25408,0.4217,0.25373,0.40103,163006742.78
387,2024-12-03,0.40101,0.42006,0.24909,0.33455,125171602.37
388,2024-12-04,0.33455,0.38716,0.31633,0.34562,70333451.65
389,2024-12-05,0.34548,0.34548,0.311,0.31792,42322595.93
390,2024-12-06,0.31753,0.3441,0.30843,0.33055,29637323.86
391,2024-12-07,0.33048,0.34675,0.31049,0.31681,18720779.85
392,2024-12-08,0.31627,0.33494,0.30561,0.32252,13820548.75
393,2024-12-09,0.32231,0.32231,0.22996,0.25597,28081266.86
394,2024-12-10,0.25565,0.27238,0.23039,0.25586,44891686.02
395,2024-12-11,0.25579,0.28001,0.24179,0.27417,23822425.4
396,2024-12-12,0.2739,0.29013,0.2682,0.27566,24892059.15
397,2024-12-13,0.27567,0.27853,0.26666,0.27378,8257557.17
398,2024-12-14,0.2735,0.32591,0.27015,0.28011,28457915.84
399,2024-12-15,0.28004,0.31343,0.2759,0.29863,40227834.06
400,2024-12-16,0.29908,0.30038,0.26448,0.26562,20986742.58
401,2024-12-17,0.26574,0.27427,0.25643,0.26115,15627903.16
402,2024-12-18,0.26115,0.26571,0.23354,0.23503,23000120.45
403,2024-12-19,0.23518,0.2451,0.21316,0.22164,34211261.44
404,2024-12-20,0.22175,0.23477,0.18869,0.23414,40448745.62
405,2024-12-21,0.23427,0.24717,0.21655,0.21858,13451858.25
406,2024-12-22,0.21908,0.22671,0.21444,0.22016,7697153.58
407,2024-12-23,0.22019,0.23299,0.2144,0.23021,6932395.01
408,2024-12-24,0.23011,0.23529,0.22195,0.23324,4192837.56
409,2024-12-25,0.23303,0.23305,0.2231,0.22634,5976811.01
410,2024-12-26,0.22629,0.22805,0.20689,0.20984,7957361.96
411,2024-12-27,0.2098,0.21635,0.20505,0.2069,4558407.07
412,2024-12-28,0.20708,0.21119,0.20235,0.20981,3422772.53
413,2024-12-29,0.20988,0.21124,0.19753,0.19892,4680188.3
414,2024-12-30,0.19868,0.20442,0.19104,0.19792,5286129.15
415,2024-12-31,0.19786,0.21142,0.1915,0.2012,8662248.4
416,2025-01-01,0.20082,0.2277,0.19735,0.2098,11786775.25
417,2025-01-02,0.20988,0.22244,0.2091,0.21989,10530002.55
418,2025-01-03,0.21974,0.23124,0.2138,0.22931,7066319.36
419,2025-01-04,0.22921,0.23157,0.22326,0.2274,7086068.28
420,2025-01-05,0.227,0.22865,0.21974,0.22623,4397655.56
421,2025-01-06,0.22636,0.23968,0.22238,0.23448,13624617.9
422,2025-01-07,0.23418,0.23448,0.20745,0.2094,18472535.84
423,2025-01-08,0.20946,0.21369,0.18987,0.20444,17497508.32
424,2025-01-09,0.20448,0.21584,0.19714,0.21388,20185345.06
425,2025-01-10,0.21347,0.22288,0.20414,0.21286,15661086.8
426,2025-01-11,0.2131,0.21775,0.20808,0.21508,5786596.06
427,2025-01-12,0.21523,0.21659,0.20547,0.20901,4877447.04
428,2025-01-13,0.20897,0.21333,0.18982,0.20599,21008597.15
429,2025-01-14,0.20608,0.21456,0.20322,0.21347,7443648.12330048
430,2025-01-15,0.21351,0.22968,0.20712,0.22704,18177137.02758917
431,2025-01-16,0.22739,0.23158,0.22128,0.2258,24296743.06582548
432,2025-01-17,0.22578,0.26118,0.2254,0.25387,22410997.08
433,2025-01-18,0.25353,0.26657,0.23048,0.23752,29516639.75
434,2025-01-19,0.23717,0.24758,0.20828,0.21226,48858022.5
435,2025-01-20,0.21218,0.22831,0.20391,0.21405,43504979.2
436,2025-01-21,0.21388,0.22757,0.20742,0.22186,21159958.71
437,2025-01-22,0.2217,0.22744,0.20926,0.21244,7304186.29
438,2025-01-23,0.21209,0.2133,0.20245,0.20869,9478760.68
439,2025-01-24,0.20883,0.21668,0.20211,0.20767,4182793.93
440,2025-01-25,0.20767,0.20988,0.20543,0.20612,2589406.8
441,2025-01-26,0.20599,0.20937,0.19904,0.19958,1590422.77
442,2025-01-27,0.19949,0.19976,0.18087,0.19534,15496583.64
443,2025-01-28,0.19548,0.19769,0.18432,0.18557,4870950.12
444,2025-01-29,0.18542,0.19422,0.18174,0.18812,6489887.47
445,2025-01-30,0.18828,0.1962,0.18671,0.19259,2742607.77
446,2025-01-31,0.19228,0.19583,0.18627,0.1876,5232807.5
447,2025-02-01,0.18728,0.18987,0.17383,0.17578,5056975.61
448,2025-02-02,0.17557,0.17779,0.14233,0.14803,24355959.18
449,2025-02-03,0.14802,0.15464,0.11087,0.15319,60785151.08
450,2025-02-04,0.15315,0.15422,0.13385,0.13838,29691680.2
451,2025-02-05,0.1383,0.14387,0.1355,0.13799,12180564.72
452,2025-02-06,0.13763,0.14192,0.13033,0.13182,13199793.46
453,2025-02-07,0.13188,0.14134,0.12642,0.12971,13760990.27
454,2025-02-08,0.12989,0.1321,0.12722,0.13124,6555681.39
455,2025-02-09,0.13123,0.1344,0.12538,0.13003,6825809.88
456,2025-02-10,0.13,0.13457,0.12698,0.13352,11335269.93
457,2025-02-11,0.13357,0.13788,0.12737,0.1303,9747542.02
458,2025-02-12,0.1303,0.13509,0.1283,0.13452,11816479.98
459,2025-02-13,0.1346,0.13553,0.12927,0.13066,9628508.6
460,2025-02-14,0.13072,0.1358,0.13035,0.13391,7560494.66
461,2025-02-15,0.13382,0.13475,0.13038,0.13202,4755724.17
462,2025-02-16,0.13206,0.13302,0.12947,0.13031,2094862.38
463,2025-02-17,0.13021,0.1346,0.12907,0.13121,2741522.29
464,2025-02-18,0.13123,0.13174,0.12001,0.12438,3625986.57
465,2025-02-19,0.12437,0.13012,0.12328,0.12949,2620086.33
466,2025-02-20,0.12961,0.13267,0.12855,0.13219,2101216.36
467,2025-02-21,0.13228,0.14106,0.12704,0.12859,8050421.73
468,2025-02-22,0.12864,0.14024,0.12788,0.13508,10505771.41
469,2025-02-23,0.13506,0.14106,0.13348,0.13829,13664215.72
470,2025-02-24,0.13818,0.13862,0.12327,0.12543,14873678.72
471,2025-02-25,0.1256,0.13172,0.12007,0.12947,17868261.22
472,2025-02-26,0.12951,0.13145,0.12357,0.12791,13489702.35
473,2025-02-27,0.12797,0.12868,0.12284,0.12558,6703938.67
474,2025-02-28,0.12557,0.12567,0.11568,0.12315,13815726.69
475,2025-03-01,0.12313,0.12476,0.11696,0.12003,9309988.87
476,2025-03-02,0.11998,0.1302,0.11842,0.1284,14454872.06
477,2025-03-03,0.12844,0.12953,0.11343,0.11518,18698216.12
478,2025-03-04,0.11527,0.11742,0.10849,0.11597,16998386.77
479,2025-03-05,0.11597,0.12051,0.1152,0.11949,8180637.32
480,2025-03-06,0.1195,0.12139,0.11533,0.11685,7690386.55
481,2025-03-07,0.11685,0.11791,0.11047,0.11477,11441005.1
482,2025-03-08,0.11482,0.11705,0.1131,0.11346,3954246.8
483,2025-03-09,0.11337,0.11465,0.10658,0.10701,3435410.1
484,2025-03-10,0.10708,0.11181,0.09798,0.10013,11645057.9
485,2025-03-11,0.10021,0.10753,0.09506,0.10642,16221912.51
486,2025-03-12,0.10647,0.1109,0.10414,0.11019,10570509.83
487,2025-03-13,0.11016,0.11215,0.10496,0.10771,9133646.11
488,2025-03-14,0.1078,0.11172,0.10735,0.11016,5559226.69
489,2025-03-15,0.11012,0.1116,0.1099,0.11096,1827844.79
490,2025-03-16,0.11095,0.1111,0.10625,0.10782,1750460.93
491,2025-03-17,0.10792,0.11042,0.10578,0.10873,2073939.36
492,2025-03-18,0.10873,0.10873,0.10319,0.10584,2126645.17
493,2025-03-19,0.10573,0.11271,0.10556,0.11171,3927134.24
494,2025-03-20,0.11155,0.11174,0.10827,0.10924,2077330.99
495,2025-03-21,0.10923,0.10982,0.10531,0.10608,2344321.18
496,2025-03-22,0.10626,0.10884,0.10626,0.10811,2550504.86
497,2025-03-23,0.10812,0.11222,0.10647,0.10732,2233109.63
498,2025-03-24,0.10729,0.111,0.10609,0.10991,2590372.0
499,2025-03-25,0.10992,0.10993,0.10738,0.10824,1838203.41
