arbitrum_trades,arbitrum_users,arbitrum_volume_usd,avalanche_trades,avalanche_users,avalanche_volume_usd,base_trades,base_users,base_volume_usd,berachain_trades,blast_trades,blast_users,blast_volume_usd,block_date,bnb_trades,bnb_users,bnb_volume_usd,ethereum_trades,ethereum_users,ethereum_volume_usd,linea_trades,linea_users,linea_volume_usd,new_users,optimism_trades,optimism_users,optimism_volume_usd,polygon_trades,polygon_users,polygon_volume_usd,returning_users,solana_trades,solana_users,solana_volume_usd,sonic_trades,sonic_users,sonic_volume_usd,total_fee_usd,total_trades,total_users,total_volume_usd
349,99,58872.805573041835,59,1,4416.83586862386,2659,5,375374.46506550285,16,0,0,,2025-03-25 00:00:00+00:00,12404,188,2469569.4396496234,149,59,82122.73819555528,9,0,103.99523685648501,213,83,7,11525.764207734786,14,8,605.0406557075202,787,1797,730,462438.4231184385,10,0,3016.8711979778195,34723.59447186887,17549,1000,3472359.447186887
5369,189,3507143.7580259424,70,3,7774.241102531124,17926,27,3678443.4348612656,62,0,0,,2025-03-24 00:00:00+00:00,5724,232,2274550.3401219994,188,65,62690.246137604394,59,3,2811.916654908947,820,638,31,116087.86508358462,94,25,6791.412713322666,968,7928,1379,2223954.606868163,30,0,12740.214536580766,119149.54314994978,38088,1788,11914954.314994978
79760,536,142703081.3748731,2484,2,5377108.424989366,19982,33,20479672.351948306,27,0,0,,2025-03-23 00:00:00+00:00,9771,266,4560872.906515981,217,65,119515.21901084522,50,0,2785.4789132190526,972,25608,381,24793414.15213688,230,48,10114.42024860802,927,4158,739,1627076.3075051433,115,0,31835.70069356613,1997136.9055198624,142402,1899,199713690.55198625
136899,984,21905586.958369587,108,0,108852.58438770156,113826,7,7261506.59295755,40,0,0,,2025-03-22 00:00:00+00:00,10510,179,3290807.465366674,121,32,79700.90226640289,4,0,271.3640878258251,896,191076,128,16251054.711612824,77,17,2692.979473591212,834,1438,461,782280.8448035729,14,0,1563.794444725631,496948.1660341578,454113,1730,49694816.60341578
7920,180,287100.8759506497,131,0,172813.39769036375,8471,11,2287403.481419071,29,0,0,,2025-03-21 00:00:00+00:00,13561,232,4031747.0434490014,145,34,83182.00849904545,34,1,4780.0424540929225,147,20583,36,577376.4018847415,38,4,2228.7096329875294,774,1679,493,1064857.453785497,21,0,7372.752886195995,85294.3906785793,52612,921,8529439.067857929
342,50,104578.95841205705,22,0,2586.7122037019826,5081,17,919943.6705469732,16,0,0,,2025-03-20 00:00:00+00:00,7011,308,2098935.2037245254,564,145,251668.3884782862,15,0,500.4277525888632,150,118,13,12393.214009715024,63,4,1314.4043625618492,798,2955,576,612353.6805689209,12,0,1690.9948706371742,40070.22300771753,16199,948,4007022.3007717533
54878,611,8712083.128935551,34,2,731.3151765974485,30287,24,1771110.606680876,28,0,0,,2025-03-19 00:00:00+00:00,6687,351,2483675.3172712643,372,153,271317.5271615017,21,0,537.2289876310575,352,51914,166,4509505.936191795,43,20,2668.26408231356,1475,3665,694,868606.4076621,14,0,1136.7712392659232,186235.11777814958,147943,1827,18623511.77781496
30203,558,11292644.987428851,49,1,6877.334732001715,40150,20,2750362.721485131,24,0,0,,2025-03-18 00:00:00+00:00,14828,470,4576104.561838867,406,126,171560.51879935796,11,0,328.6881069457144,487,28174,51,5559814.495435284,32,12,2761.7410001258286,1257,2716,685,498572.4510078631,16,0,1537.007966275051,248625.71727823236,116609,1744,24862571.727823235
16638,330,3801927.613409806,27,1,3449.891281816378,43084,13,3311607.871675842,25,0,0,,2025-03-17 00:00:00+00:00,10861,356,3528285.8241774784,381,156,153302.09221251635,32,0,1547.490672357917,332,10222,102,515788.08807543124,68,13,4449.558470489243,1313,7517,871,672065.4379311618,15,0,1808.9664871420405,119988.4576529963,88870,1645,11998845.76529963
17963,327,7730306.071743719,17,2,494.122797017925,44204,530,5873961.350590286,13,0,0,,2025-03-16 00:00:00+00:00,4246,641,1421834.9747945233,447,154,221584.09658920768,65,0,909.1758858495028,473,10858,46,332729.2692505289,42,17,3397.871032990846,1515,11281,693,711838.5043263384,12,0,208.33627929403448,162980.45242871682,89148,1988,16298045.242871681
16925,244,6938144.447410716,35,0,1038.9014147190767,38173,22,6086375.142144391,19,0,0,,2025-03-15 00:00:00+00:00,5409,272,2070298.6882284405,225,91,114312.38994273762,25,0,901.807498285712,387,10901,21,513810.5172445916,38,15,2001.3365421384713,912,3976,804,669312.7900822763,5,0,615.6895117708794,163979.38701216708,75731,1299,16397938.701216707
5095,258,2860786.798159868,58,16,8593.908891617908,24084,1135,4023880.324539141,17,1,1,1.0006153457769922,2025-03-14 00:00:00+00:00,2451,556,605668.491201949,123,57,42001.426325879016,31,20,1931.3196688212859,549,9197,160,1037009.0590175085,141,29,9494.208411379675,1643,9610,688,576461.1616834105,29,0,3527.660072876348,91695.94747533942,50837,2192,9169594.747533942
741,194,153976.51647927653,59,27,8392.996225793013,17705,1247,3463687.183746351,34,1,1,20.02675822493028,2025-03-13 00:00:00+00:00,1132,355,220984.09901436578,97,60,17794.66155149383,16,10,1165.344201217009,672,10201,196,2638716.782534537,423,41,37956.87426126907,1477,11141,623,715728.2550501808,41,0,6389.041621422981,72659.83090568466,41591,2149,7265983.090568466
10284,317,1083843.7769944505,36,15,2410.8524085778195,8839,1278,1984361.3789720258,45,4,4,361.145344873517,2025-03-12 00:00:00+00:00,459,247,78850.9552242453,94,57,17480.581578401543,26,15,1282.336071902021,669,209,73,34914.085666379484,561,78,29771.32390975124,1399,1728,503,294473.47301924357,25,0,7259.824299951835,35404.76391652603,22310,2068,3540476.391652603
405,161,41936.571208266374,59,18,4398.940195921755,3035,566,573846.6694954743,20,0,0,,2025-03-11 00:00:00+00:00,760,228,258423.77061022032,52,31,14257.766762425928,7,5,1471.1672583414286,418,363,184,119564.36577021194,131,94,2394.7264156434726,891,968,313,166879.03935641746,10,0,228.5319310588141,11857.029049173852,5810,1309,1185702.9049173852
202,67,42950.4773687786,16,7,1326.4106014420852,1665,464,386863.28893585067,8,0,0,,2025-03-10 00:00:00+00:00,732,129,429602.19141084584,73,33,12987.078017124142,0,0,,208,174,88,57828.0987549061,18,15,1635.5160486285772,675,652,226,146963.7968005462,12,0,442.6307799767136,10810.660669988916,3552,883,1081066.0669988915
615,77,34036.582985229084,29,7,704.4066710402778,1445,482,312562.59250990866,7,0,0,,2025-03-09 00:00:00+00:00,350,120,142369.36303545424,32,25,2331.2447436110006,1,1,2.61381308727,338,239,150,113498.54488733642,109,70,8294.907730755553,664,792,232,212560.02870671783,4,0,189.19398528300457,8276.101766590284,3623,1002,827610.1766590283
168,80,10574.586998838631,41,13,2520.4933593850437,1900,549,872569.9252903333,11,0,0,,2025-03-08 00:00:00+00:00,288,132,84500.85057636807,47,28,8855.58418099801,2,2,86.79639688381698,427,283,187,150388.17249724694,73,57,6089.807059324983,687,842,259,214959.67954475345,15,6,856.5431617319782,13526.564739103245,3670,1114,1352656.4739103245
191,81,27070.440385468086,36,9,2800.954158321139,806,200,203858.8039724126,15,1,1,16.336357374150968,2025-03-07 00:00:00+00:00,277,140,81669.37731808779,48,32,4940.553677781534,0,0,,354,421,263,243496.86861769608,15,12,260.43722667997827,575,1098,309,340232.93380076415,26,6,519.6394034724025,9070.823187257045,2934,929,907082.3187257046
178,75,55947.05550112712,16,9,392.80790345088303,618,280,128512.24045529985,27,1,1,59.35635875479992,2025-03-06 00:00:00+00:00,323,147,110286.88557415346,36,25,13541.797280485169,0,0,,313,395,205,195654.00648554714,57,40,1719.8621965760865,583,576,213,119207.41232365214,36,15,1605.3860921460548,6330.603140225912,2263,896,633060.3140225912
185,126,25372.701344480807,60,22,6052.477468817268,1389,195,172681.46186272864,24,0,0,,2025-03-05 00:00:00+00:00,441,208,102468.44660138912,21,16,9514.18246889408,0,0,,107,108,37,14526.436630608236,27,19,590.3556374922111,663,868,246,140260.6686937123,37,16,3230.2972306487554,4752.352397842664,3160,770,475235.2397842664
154,100,17739.35302445503,23,8,2010.1579890883163,467,188,51138.618202931866,0,1,1,9.991564550164718,2025-03-04 00:00:00+00:00,458,222,142183.6984830683,28,18,5346.864686328957,0,0,,119,94,52,9518.033570867881,61,45,1105.2411132486313,574,476,199,141630.45076097522,25,7,3870.3917255697265,3745.5280112108376,1787,693,374552.8011210837
190,94,43468.030312308874,25,10,8147.447157513616,844,250,115436.9551244474,0,1,1,20.38371941758636,2025-03-03 00:00:00+00:00,2560,724,689358.9183423562,37,24,16268.70539046309,2,2,78.69543442051501,369,223,136,7604.455195831601,66,56,1595.5068018915802,1018,761,284,178248.12798241142,52,22,2381.8949421492466,10626.091204032116,4761,1387,1062609.1204032116
164,68,22712.422971191292,28,21,768.8423423626293,610,271,124511.35243384536,0,0,0,,2025-03-02 00:00:00+00:00,3805,636,1594203.0920390792,34,22,18635.023486565973,5,4,211.8534918982564,266,118,71,8121.26415743421,104,77,3466.638632790156,933,617,230,217801.8348702296,50,17,6253.413781838871,19966.857382072354,5535,1199,1996685.7382072355
113,48,5461.514378550418,14,10,427.59533995531683,694,199,142545.10696512074,0,1,1,18.60726391252275,2025-03-01 00:00:00+00:00,2345,574,742155.683496657,25,21,2878.5171912267706,0,0,,311,80,34,14773.586302342283,131,105,7653.695022113065,713,525,222,132365.00747003124,199,84,22491.545346346393,10707.70858776256,4127,1024,1070770.858776256
185,124,38677.41862724848,22,13,5369.744244154753,688,261,115134.97902372536,0,1,1,19.96258532659071,2025-02-28 00:00:00+00:00,1333,384,583364.6911071653,36,27,55847.448463558925,7,6,28.308064216589,195,82,50,5839.558995219273,51,26,1570.8641083331495,826,832,267,202626.82101313645,148,59,15595.759675217163,10240.755559073015,3385,1021,1024075.5559073015
211,124,130723.41755279523,24,20,1805.4795265000228,743,274,198121.7969801953,0,1,1,11.34289101179438,2025-02-27 00:00:00+00:00,1547,483,675500.6782970603,62,55,14561.898223989263,1,1,5.205789639848001,259,84,52,7014.774758166838,51,32,1949.2478719857463,938,1022,342,147374.3837887809,18,0,1108.186052584799,11781.7641173271,3764,1197,1178176.41173271
309,65,251348.69954360608,14,10,362.45124476948405,622,264,273991.6377098173,0,1,1,10.04675652340796,2025-02-26 00:00:00+00:00,1180,355,617670.5617043509,28,19,11132.08644478588,5,4,577.9941730594559,234,89,44,16361.553835663035,51,33,651.1128805681543,695,850,313,201582.5410044415,0,0,,13736.886852975851,3149,929,1373688.685297585
212,121,153918.67268645912,34,28,4833.29330723795,497,245,242454.68981538757,0,2,2,27.192901263228343,2025-02-25 00:00:00+00:00,1471,539,610733.2550504863,38,28,18882.52020685668,2,2,5.163855832008,265,80,51,9206.205660420705,54,41,802.5061408150228,865,919,348,265788.83395268564,0,0,,13066.523335774444,3309,1130,1306652.3335774443
136,65,13917.821617944519,44,30,8664.602508529772,860,281,201827.18620044118,0,2,2,22.900248874218484,2025-02-24 00:00:00+00:00,1321,531,461876.6149836994,56,36,9862.33887274169,4,4,679.24670328347,355,87,35,3500.6114349676127,146,91,6229.477308375516,794,920,318,253292.84851783575,0,0,,9598.736483966932,3576,1149,959873.6483966932
240,80,68678.93964106104,38,20,7874.178595477711,962,283,298333.771325601,0,1,1,11.772848363625354,2025-02-23 00:00:00+00:00,1079,559,320097.5928797113,54,42,28117.661484713535,0,0,,389,79,41,6917.262750811497,96,80,2579.5784775591146,796,975,302,221515.26764285343,0,0,,9541.260256461526,3524,1185,954126.0256461526
229,66,41409.14325823875,33,18,12199.720298361313,653,228,167850.39937275992,0,0,0,,2025-02-22 00:00:00+00:00,1368,636,360426.85249033564,64,38,29176.565309249316,1,1,13.416716602474999,393,120,30,12955.754696269369,89,64,5697.764694685842,746,803,278,151124.44761636708,0,0,,7808.540644528701,3360,1139,780854.06445287
210,95,35045.661458169,33,18,10847.700950130524,865,299,408621.61858478317,0,1,1,11.877828338540663,2025-02-21 00:00:00+00:00,3357,683,1163933.3668638514,47,32,16184.669326085781,1,1,0.09959897026900001,326,58,30,3802.9086170906667,33,18,1048.989074206187,882,870,277,286153.7592230649,0,0,,19256.506515246918,5475,1208,1925650.6515246916
435,87,201858.5904371382,54,33,20588.988142252292,823,265,478381.7965841108,0,1,1,15.482605285017723,2025-02-20 00:00:00+00:00,3646,491,835498.7955078402,40,27,10676.659559297443,5,4,198.92934890939273,198,68,37,3785.992766623749,32,21,1095.646703782469,796,911,258,280787.6825232609,0,0,,18328.885641784993,6015,994,1832888.5641784994
274,111,34658.070113674876,67,27,21723.84417060954,1295,286,335182.88628539944,0,1,1,16.046827722611468,2025-02-19 00:00:00+00:00,2622,576,921356.9196799407,93,47,58042.10075756819,3,3,100.29375930303723,199,48,32,2802.6631604519484,43,28,4351.545293936684,899,643,247,265688.3309450453,0,0,,16439.22700993653,5089,1098,1643922.7009936532
179,108,31932.83817845602,112,39,15097.12680863545,721,211,295045.48928414506,0,1,1,11.028490349316455,2025-02-18 00:00:00+00:00,2949,309,660964.1089483063,155,82,87410.87833917071,2,2,97.963324966171,177,44,16,2153.157616982768,71,38,8134.251291964971,682,697,252,127428.71854732551,0,0,,12282.755608303025,4931,859,1228275.5608303025
200,102,39249.23782950268,187,54,26068.717936284378,1685,719,144963.8543902162,0,2,2,22.535259195105603,2025-02-17 00:00:00+00:00,2242,184,762059.7435674453,220,91,188323.09042564683,5,5,306.59911245496687,732,74,29,4823.442129927011,61,25,6333.435622313722,592,761,291,202171.68266688686,0,0,,13743.223389398727,5437,1324,1374322.3389398726
198,94,22836.749116200328,142,49,24609.777728734116,1012,401,115315.82307868487,0,2,2,19.88467361668902,2025-02-16 00:00:00+00:00,4631,301,923847.1388361544,77,37,12509.077488817018,14,12,1134.920740958235,492,75,40,4218.329066858737,62,40,2910.4291884204963,626,792,286,187983.88851983842,0,0,,12953.86018438284,7005,1118,1295386.018438284
292,157,30469.719316043997,33,21,3841.9968532811604,728,247,215607.00104716764,0,2,2,21.97843347024424,2025-02-15 00:00:00+00:00,2796,211,1075371.2910665479,47,35,26662.135330748177,22,19,3983.86376720544,250,140,54,6989.813332696697,93,64,5963.361861648425,688,1088,351,357891.4802621352,0,0,,17268.026412709463,5241,938,1726802.6412709465
213,109,44476.704063328885,60,29,7590.510880376915,687,243,201942.03931913222,0,0,0,,2025-02-14 00:00:00+00:00,2955,289,1463393.947754055,75,36,33450.048673626334,10,9,2297.9567916229144,296,45,29,2896.3645731374836,98,53,10770.458619846653,715,1437,447,761948.3239107362,0,0,,25287.663545858617,5580,1011,2528766.354585862
158,83,16715.621486133936,31,16,4556.165473931329,469,206,146316.946499211,0,2,2,17.97800576560269,2025-02-13 00:00:00+00:00,3551,416,1614062.5462868188,44,31,20464.230676009618,1,1,4.993888307609065,430,39,25,2513.2253307838973,161,136,14393.838837588526,644,1004,374,231222.87555901884,0,0,,20502.684220435698,5460,1074,2050268.4220435696
128,72,5276.614924181747,22,16,837.9095200146186,568,221,86763.68258514183,0,1,1,12.612076889525275,2025-02-12 00:00:00+00:00,1023,178,228032.46816712656,30,21,13065.378439331495,3,3,41.626462780551,214,43,26,1020.2440061280283,44,29,722.0220905605386,543,847,296,140685.5039063589,0,0,,4764.580621785138,2709,757,476458.0621785138
172,98,10865.367716008639,20,17,478.4611648536253,453,194,74146.2963275532,0,3,2,20.99493180388553,2025-02-11 00:00:00+00:00,1018,136,266077.50559080445,48,29,23055.411707853506,5,4,280.1289631072807,154,46,28,2718.858171039497,91,42,1919.5920213221075,591,1073,336,391879.3463728884,0,0,,7714.419629672345,2929,745,771441.9629672344
225,123,10200.693649740206,19,14,265.63337822853754,430,183,53126.389582114054,0,0,0,,2025-02-10 00:00:00+00:00,876,277,164956.58041520737,53,24,14263.817358769575,2,2,118.38949777696202,202,48,31,881.128604368981,52,30,4061.5146529787135,657,1145,361,262959.55858875933,0,0,,5108.337057279439,2850,859,510833.7057279439
109,63,4579.230651952216,13,12,380.1593194166342,398,144,90741.12052424584,0,0,0,,2025-02-09 00:00:00+00:00,2015,522,956704.8602618258,34,25,17528.96959300168,4,3,266.73274196187094,281,33,24,1398.2078267799636,53,31,1000.5303615428583,578,631,241,201878.3255571488,0,0,,12744.781368378764,3290,859,1274478.1368378764
191,100,12263.615176630597,15,12,207.63962309854276,500,226,78382.56914621046,0,3,3,41.412135838753585,2025-02-08 00:00:00+00:00,561,205,288922.7872594993,27,20,9694.073447844748,3,3,288.66877195201494,120,62,43,1470.7696339213276,49,34,869.038103023161,523,310,136,94808.14703036599,0,0,,4869.487203283851,1721,643,486948.72032838507
170,95,5879.129401697248,4,4,325.578626606748,602,187,128641.36593854609,0,1,1,1.6633896254201885,2025-02-07 00:00:00+00:00,185,99,16355.008902809632,15,12,7305.864360204326,4,4,321.17482694111067,83,57,43,2381.0409559641525,64,43,1355.6426870953942,439,276,148,26670.89611797638,0,0,,1892.3736520746643,1378,522,189237.3652074664
277,183,10156.427130430888,11,9,200.37137311281586,414,172,147702.3946185134,0,2,2,13.728957665278687,2025-02-06 00:00:00+00:00,242,128,43470.72248713224,16,13,4782.259718188083,2,2,24.188899775043854,125,46,32,954.4357246790113,55,32,1929.044871626845,504,270,122,28901.948786057674,0,0,,2381.3552256718135,1335,629,238135.52256718132
83,60,3974.2539258144666,7,7,4728.014975444492,471,170,43042.77892508759,0,0,0,,2025-02-05 00:00:00+00:00,40,27,5360.783997732502,50,19,98733.7557638429,2,2,29.98769684949124,90,78,60,932.0432025861152,23,15,1915.0978506041602,384,337,163,68184.27278403984,0,0,,2269.009891220015,1091,474,226900.98912200148
223,96,15099.27184199064,15,11,262.25948084575793,331,153,34247.33882326779,0,2,2,39.726399544286494,2025-02-04 00:00:00+00:00,130,78,9239.610906854554,19,18,3617.428278724843,2,2,114.09014216483199,63,65,40,3817.620101534652,57,37,1716.374652162291,427,328,149,77646.5851929374,0,0,,1458.0030582002717,1172,490,145800.30582002716
260,77,34760.60280827502,30,11,718.0915235894383,756,238,159471.54951974776,0,1,1,14.357617173423964,2025-02-03 00:00:00+00:00,256,108,13589.572016591463,7,5,19415.96633128729,5,4,270.51602942708,69,80,38,3159.321681249952,63,21,1564.2394706491266,511,554,231,207849.17273717007,0,0,,4408.133897351607,2012,580,440813.3897351606
445,191,61564.02210420942,18,8,1048.979260840163,1416,302,220356.53538110468,0,7,4,225.6905833200188,2025-02-02 00:00:00+00:00,306,132,13806.576500623525,25,16,5342.106371262081,1,1,42.46161749505916,141,191,106,27432.430085606185,80,43,1134.1062414957237,709,556,269,142505.4808514175,0,0,,4734.583889973743,3045,850,473458.3889973743
468,126,70769.52820131174,20,9,2142.8132642725873,1535,318,282121.3487756338,0,2,1,37.788103952271214,2025-02-01 00:00:00+00:00,345,135,13685.468054107047,34,23,14342.637666137021,1,1,198.8835626599863,204,107,50,12948.86278463858,55,22,1589.3811390839326,545,611,254,90417.51691369197,0,0,,4882.542284654888,3178,749,488254.22846548876
342,134,56066.47552369649,13,9,152.21352975218144,818,287,165403.82831700426,0,1,1,12.313109546381707,2025-01-31 00:00:00+00:00,595,398,14558.997188965279,41,26,9660.973472589832,0,0,,613,153,71,8688.566647742458,50,25,1325.1667370466398,659,984,597,251015.4179870378,0,0,,5068.839525133815,2997,1272,506883.95251338155
303,110,41595.02493378821,40,14,1058.119945572651,1256,322,312646.8706636696,0,6,2,64.26122547209216,2025-01-30 00:00:00+00:00,380,159,38998.66138502001,29,22,6059.212375021001,2,2,30.326055035784997,276,160,54,16400.539713055903,57,24,1432.2635670545317,578,895,346,366159.5010699985,0,0,,7844.447809336881,3128,854,784444.780933688
280,88,16942.332249659437,25,11,862.223051564903,1224,300,234431.45166111857,0,2,1,57.69601319629754,2025-01-29 00:00:00+00:00,368,130,22894.652772752597,45,31,8502.991727002656,6,5,1540.1917123815058,379,122,47,9724.054290789314,50,22,2068.626008658084,561,1014,480,171152.67463811045,0,0,,4681.768941252337,3136,940,468176.89412523364
343,128,26142.683022565358,33,11,2561.9122179897254,1529,412,462596.70362824004,0,4,1,80.87085314369038,2025-01-28 00:00:00+00:00,298,98,19763.73162662943,41,22,51278.198663848336,3,3,931.36239679847,376,125,63,5357.305449469366,80,26,2084.3226040753784,606,1084,444,288896.57554718066,0,0,,8596.936660099405,3540,982,859693.6660099404
267,100,28898.672273761786,16,7,751.7318579250463,808,228,251910.62616486792,0,1,1,15.012442529831567,2025-01-27 00:00:00+00:00,262,99,97187.52381842556,12,9,3247.6664387041455,4,4,261.46872506762287,248,95,42,4351.206057206428,61,23,5320.572629957162,516,1220,415,353297.82162546815,0,0,,7452.423020339134,2746,764,745242.3020339134
181,83,17380.593858159293,22,9,944.2012606602027,879,232,207462.15734539376,0,1,1,11.056729277966168,2025-01-26 00:00:00+00:00,114,75,26485.107034772474,26,19,13345.956082236104,4,4,485.0343079789979,244,104,54,3256.4727047486017,40,25,2124.551952525739,503,1317,419,434732.6203768408,0,0,,7062.277516525935,2688,747,706227.7516525935
304,133,64768.22411433778,48,17,1300.6163068233388,1121,248,237569.38461824853,0,7,4,106.54557669545764,2025-01-25 00:00:00+00:00,287,119,21490.27316753914,19,12,8717.743645841576,5,4,2945.1991770623467,366,176,63,4936.606324510316,85,24,2228.7217454474167,535,1249,459,950840.3329700282,0,0,,12949.03647646534,3301,901,1294903.647646534
253,146,22811.785506075517,15,13,475.79281249070016,672,224,139608.83485831314,0,5,4,122.7776092878281,2025-01-24 00:00:00+00:00,500,311,17814.830959489416,25,21,19191.169957184513,11,8,374.9315932631762,510,109,55,4090.6672284122164,77,22,1557.130911088347,599,1582,478,469732.20439518837,0,0,,6757.801258307936,3249,1109,675780.1258307936
252,161,17430.44638753051,35,14,1376.6824184663742,666,226,122664.42916492747,0,0,0,,2025-01-23 00:00:00+00:00,233,85,25136.84032264215,20,16,4663.348039472716,19,11,1982.157527730048,496,196,92,6553.3388974392765,60,25,2504.9528763366325,500,1931,568,691536.6773432734,0,0,,8738.488729778188,3412,996,873848.8729778187
362,202,14154.136490145936,25,16,1224.270045066739,823,295,132178.5829410836,0,1,1,20.061637240707,2025-01-22 00:00:00+00:00,177,78,10142.911035092053,20,13,11964.767006952176,9,6,441.3374257097807,629,192,71,4674.368344066272,101,37,4435.702272342548,410,1329,540,367751.3755377423,0,0,,5469.875127354419,3039,1039,546987.5127354419
295,147,9365.14527333887,19,7,428.62203149815343,475,150,64254.0549691031,0,0,0,,2025-01-21 00:00:00+00:00,161,56,7575.962992275099,4,4,21227.46970478598,3,2,286.6544178780633,294,322,103,7394.464643431942,106,41,5723.913330655638,375,666,320,154843.5527067223,0,0,,2710.99840069689,2051,669,271099.840069689
187,87,7673.495923382648,17,8,7516.606121325097,369,173,39384.843124352825,0,0,0,,2025-01-20 00:00:00+00:00,64,32,2251.2888910607294,1,1,643.3456693985161,2,2,117.92236651771701,189,166,55,3565.9722283132983,29,12,716.5406916625926,360,829,321,313116.918898703,0,0,,3749.869339147165,1664,549,374986.93391471653
142,105,6395.461642346414,19,14,1490.461371383877,201,113,32192.91893775696,0,1,1,0.7772134769093917,2025-01-19 00:00:00+00:00,74,43,8567.762038946707,9,5,25019.19282866562,6,4,566.7538690719184,223,63,38,1745.40540795491,37,21,871.4465998105665,344,905,304,627562.3757728697,0,0,,7044.1255568228335,1457,567,704412.5556822834
162,132,4921.55023212553,21,18,1989.5288046756887,245,135,51905.59267031624,0,1,1,1.4596786413503056,2025-01-18 00:00:00+00:00,57,35,4147.576469882693,5,5,1323.5341577733104,1,1,2.031719130556,279,118,99,3326.093185877797,33,25,622.2881542848488,350,705,278,1688551.2795869405,0,0,,17567.90934659648,1348,629,1756790.934659648
128,84,4333.5973232060815,19,13,353.32302222198297,261,133,50683.51583944885,0,0,0,,2025-01-17 00:00:00+00:00,46,31,2081.8622508892267,3,2,601.9082863155534,3,2,45.799483339510445,220,83,48,4372.517142851402,30,18,550.7193816795772,245,472,198,112015.35459993251,0,0,,1750.3859732988476,1045,465,175038.59732988477
118,71,3955.6362671334928,42,23,1519.8115723326296,206,112,26356.488002174992,0,0,0,,2025-01-16 00:00:00+00:00,34,23,1788.3655958774423,11,6,4396.968515633762,2,2,163.04711938974862,284,142,90,4216.7444067160595,54,30,1234.7829501409678,243,484,234,119058.90169335638,0,0,,1626.9074612275551,1093,527,162690.74612275552
117,78,4057.588184400701,2,1,1225.816623112129,199,113,31649.402434209285,0,4,4,105.62066353404313,2025-01-15 00:00:00+00:00,43,25,1617.1638415986602,0,0,,4,3,29.15453835691647,194,82,43,2952.2075062327986,129,69,5973.878552028309,227,291,155,26866.176074012885,0,0,,744.7700841748573,871,421,74477.00841748573
150,101,6145.40774593042,6,5,256.29147366061767,138,74,15480.42500856543,0,3,3,49.502051849888005,2025-01-14 00:00:00+00:00,34,21,810.4829750627769,4,3,205.4559284732853,1,1,74.07576382266001,143,127,66,6385.367226453758,28,16,348.236519456166,203,211,115,25694.69329373756,0,0,,554.4993798701256,702,346,55449.937987012556
135,104,5143.937230247902,2,2,125.20570889272574,183,105,27392.378794913708,0,4,4,32.1237130828268,2025-01-13 00:00:00+00:00,15,13,454.681094256902,1,1,7204.5144179424005,2,2,102.82303989557698,136,138,88,2937.692493587014,35,25,1880.6183868077783,243,242,130,32296.453742331803,0,0,,775.7042862195864,757,379,77570.42862195864
112,88,3369.128695328154,12,9,259.9746941836335,101,64,6223.53766139124,0,6,6,4.239084070450915,2025-01-12 00:00:00+00:00,9,9,373.93914658555536,1,1,251.27376364715866,1,1,3.5207566918199995,78,84,46,1170.403648804598,23,17,4049.4340563578544,198,285,124,22748.98122479574,0,0,,384.54432731856184,634,276,38454.432731856185
106,78,2551.7465292106913,11,5,746.4251717302731,188,145,14038.88290469273,0,1,1,0.7787571076256522,2025-01-11 00:00:00+00:00,15,14,119.51773446447118,6,4,3496.5163594762907,4,3,436.81692049433855,93,83,52,587.5745057576696,17,10,1035.0283964966184,258,316,126,25816.57478730099,0,0,,488.2986206673168,747,351,48829.86206673168
128,92,2655.3309173962007,6,4,275.4167466725653,230,112,34619.746711651474,0,2,2,5.306005760728162,2025-01-10 00:00:00+00:00,15,14,901.8316641846402,1,1,4.003048215828,5,3,994.45129639734,94,95,57,2227.1090364334373,18,11,443.27239267973454,296,344,188,50308.24643912194,0,0,,924.347142585139,844,390,92434.7142585139
66,51,2502.494029527011,5,1,50.776895266726996,123,78,11172.13226285089,0,0,0,,2025-01-09 00:00:00+00:00,14,11,530.0884364364176,5,4,3051.78661488486,4,4,281.8001098052421,99,54,41,2483.8418762337,19,7,498.4292695593647,207,397,163,186282.00610048336,0,0,,2068.5335559504742,687,306,206853.35559504744
63,55,1228.950089181077,13,8,1630.9237705944408,139,82,11159.986397519391,0,2,2,5.524664429752562,2025-01-08 00:00:00+00:00,22,11,415.14335527967165,2,2,165.19448300499906,1,1,6.824646354474001,238,90,68,4204.905741924525,6,5,2781.862952621847,345,553,391,34992.964503187075,0,0,,565.9228060409725,891,583,56592.28060409726
107,88,4881.27871690398,7,6,175.88203218809002,181,106,10807.591130428873,0,7,6,35.09100185517154,2025-01-07 00:00:00+00:00,12,8,209.56117791197914,2,2,1773.73439324188,2,1,199.57307908512283,111,93,70,2441.653664341916,21,22,124.03742651504363,328,421,205,65330.22159805615,0,0,,859.7862422052812,853,439,85978.62422052812
123,98,7941.8347251201485,8,4,180.01077619676815,191,129,30731.7653168208,0,0,0,,2025-01-06 00:00:00+00:00,52,31,653.4122563649622,0,0,,15,15,132.1941357013758,124,90,43,1528.1475835781048,38,32,240.136467331547,340,362,204,39827.81685903555,0,0,,812.353181201492,879,464,81235.3181201492
97,70,1379.9154096001416,15,10,43.945008362649794,206,128,32357.68867220532,0,13,13,54.62417062652747,2025-01-05 00:00:00+00:00,20,8,604.105825847832,4,3,781.5745376346757,3,3,49.45833181729157,112,648,93,983.8921153878262,19,16,23.85218387637793,294,422,199,95392.25527380533,0,0,,1316.71311529164,1447,406,131671.311529164
109,71,3234.871286366512,13,10,1561.0187162287605,215,138,37743.578549157435,0,7,7,72.84863169878751,2025-01-04 00:00:00+00:00,13,12,1217.079763415758,7,6,6366.459649064271,1,1,0.8225643021989999,102,434,51,2081.2954513760956,20,18,1148.3440940350947,316,415,195,73422.50507309612,0,0,,1268.48823778741,1234,418,126848.823778741
81,63,3341.713469123302,6,6,35.74675639391239,161,108,26772.387524543792,0,1,1,3.000791917574996,2025-01-03 00:00:00+00:00,13,10,454.2732731029933,5,4,3395.571085384077,3,3,557.2516135886182,147,50,31,3247.1742992631775,20,19,255.17216351767846,307,466,264,86331.37553116598,0,0,,1243.9366650800114,806,454,124393.66650800113
76,54,2516.7119810072595,8,6,47.44363099631983,256,160,56046.09447396572,0,1,1,2.0020618495795057,2025-01-02 00:00:00+00:00,39,29,1675.6407249794722,7,6,24203.525235128975,14,10,1848.8776144563496,196,89,74,2283.9063286768724,9,8,1984.9178289328086,285,497,227,123138.03305549455,0,0,,2137.471529354879,996,481,213747.1529354879
89,69,2959.067262948437,7,5,487.2761924652401,244,117,20997.14290792177,0,42,42,307.1150978675361,2025-01-01 00:00:00+00:00,11,7,499.9754119379745,10,6,2921.2520015608284,1,1,200.72591247705998,91,62,31,2578.6541373648784,16,13,2734.3661400487063,307,293,160,44993.05539715117,0,0,,786.7863046174363,775,398,78678.63046174363
94,58,8791.80123685451,19,11,1939.996055693978,150,96,27228.955949635365,0,1,1,271.83248823490766,2024-12-31 00:00:00+00:00,28,18,3321.535793890962,5,3,1486.8311050336654,7,5,1213.312191580836,128,95,56,9084.415257671371,21,14,3821.5125279213257,194,289,145,35626.33216862397,0,0,,927.865247751409,709,322,92786.5247751409
143,100,5109.196857444386,16,15,72.78665690371659,218,121,7628.7329932344555,0,19,19,23.36716852268251,2024-12-30 00:00:00+00:00,12,11,836.7995421000168,13,6,3776.244143128921,0,0,,82,134,91,3662.0074103539305,43,31,4093.818191184129,296,237,122,28507.46488880233,0,0,,537.1041785167457,835,378,53710.417851674574
118,71,4195.417183856639,19,14,305.2991942986499,147,77,24766.850823504796,0,0,0,,2024-12-29 00:00:00+00:00,18,11,536.7852916632694,4,4,149.1850533701658,3,3,11.36364226898,110,63,37,2378.3500832603504,366,28,4911.076610858769,215,264,132,23847.206814830704,0,0,,611.0153469791231,1002,325,61101.53469791231
107,60,5853.334420382797,17,16,65.40007986927992,214,94,32823.08346120492,0,3,3,55.02949087293385,2024-12-28 00:00:00+00:00,25,14,1468.2979047049923,7,4,1709.446485194184,9,9,77.9774092445402,199,76,45,4888.848766434177,451,33,7104.7419752943715,216,321,199,42910.02977467314,0,0,,969.5618976787537,1230,415,96956.18976787536
93,65,6242.661212110203,401,419,3208.564149639861,150,83,15251.998567890534,0,4,4,67.30754402486595,2024-12-27 00:00:00+00:00,30,19,3828.7163785985394,9,9,1857.3750167380713,4,4,60.19807988483519,582,77,43,2320.3813952225714,630,29,2375.3124076534104,196,273,174,49809.18110713816,0,0,,850.2169585890102,1671,778,85021.69585890102
81,66,5259.44623251309,10,8,153.81192736241994,173,124,7046.123877179222,0,11,11,30.56155640375377,2024-12-26 00:00:00+00:00,19,16,2712.2704574170316,3,3,189.7375537647747,3,3,263.4020364067109,905,77,55,3073.619062003855,149,10,3081.684308010135,255,1019,901,32414.027429204303,0,0,,542.246844402653,1545,1160,54224.6844402653
175,128,7068.6943917277695,8,8,128.37645506206712,392,295,15941.431092935702,0,10,10,24.656978042635842,2024-12-25 00:00:00+00:00,26,22,2559.4679904763343,9,7,2411.2107139241375,13,11,870.0860155093221,425,79,58,2157.2892173022615,80,45,5213.376282943847,280,422,272,32782.67843198361,0,0,,691.5726756990769,1214,705,69157.26756990768
124,77,4435.222516666516,9,6,89.79831288358562,96,66,5815.205530976246,0,0,0,,2024-12-24 00:00:00+00:00,33,27,1688.114296815444,6,5,562.1952055088726,91,93,1456.2911968213714,588,71,44,1504.1586784992617,21,10,2387.213648573684,210,685,532,27160.479280465166,0,0,,450.9867866721014,1136,798,45098.67866721014
136,98,6041.376877729703,2,2,30.969573552118767,90,55,5411.030113904532,0,1,1,2.9950454987902106,2024-12-23 00:00:00+00:00,16,12,1201.14291645415,9,7,1440.6609584284708,4,3,30.18481482255433,135,104,113,4156.74191191114,18,14,1029.038858973414,202,209,107,11309.21081731217,0,0,,306.53351888587036,589,337,30653.351888587036
81,64,9569.890538827707,3,3,5.2824327324630005,73,46,6807.795065065407,0,1,1,13.869406620963794,2024-12-22 00:00:00+00:00,14,11,1004.3970278469397,5,5,477.1445359877444,1,1,66.807419595521,122,69,51,3880.253898024127,12,12,529.7153149526864,151,232,127,23401.102183725427,0,0,,457.56257823378957,491,273,45756.25782337895
141,109,5726.5056370035445,1,1,2.653997378933,56,42,2061.192190993072,0,14,14,32.35997196652885,2024-12-21 00:00:00+00:00,25,22,1725.2190135712945,5,4,771.2086431507942,3,3,22.462068346113,127,72,56,1836.817353636525,59,33,5263.5636178684745,237,244,142,25470.748927643286,0,0,,429.12731421558567,620,364,42912.731421558565
132,95,3524.389664079661,5,5,37.0914792546,77,59,6023.412598223835,0,9,9,73.09719349039766,2024-12-20 00:00:00+00:00,34,27,1350.894683098891,9,6,721.3996550810634,4,3,261.1763252240999,108,86,73,2177.153972095905,21,12,47.683879715167265,248,344,140,26546.807766213453,0,0,,407.63107216477084,721,356,40763.10721647708
143,91,4551.103970574419,8,7,63.92222235918645,138,87,8496.83937575381,0,7,7,27.378478431303826,2024-12-19 00:00:00+00:00,25,16,1273.6367722972727,2,2,12.836268674828128,3,2,18.76374439126945,149,96,63,1588.9396814411064,43,25,231.7579824613595,186,269,127,33452.238357603324,0,0,,497.17416853987896,734,335,49717.416853987896
134,93,3671.1904755891055,12,12,38.485909711373736,102,64,3674.1032410697417,0,12,12,37.9201033880754,2024-12-18 00:00:00+00:00,39,32,2993.7790433792857,4,4,100.08112368143699,7,6,270.6710663636403,115,80,60,3306.627711061037,19,17,68.52774884717495,217,210,128,19072.941113104214,0,0,,332.3432753619508,619,332,33234.32753619508
117,87,5030.392409316083,108,107,909.4120207824316,90,61,7242.15587824018,0,8,6,21.097396473779888,2024-12-17 00:00:00+00:00,29,24,939.6289841685305,16,11,2681.1293764367456,5,5,50.574389068200404,248,59,40,1652.0729958971158,898,27,877.2975950445189,179,237,132,25718.679157525738,0,0,,451.22440202953334,1567,427,45122.44020295333
130,98,9143.63374479109,1,1,1.000891197964,206,91,11425.431402972386,0,3,3,11.127954161610587,2024-12-16 00:00:00+00:00,25,22,2101.144244467126,3,2,835.148164386644,9,7,577.348710571664,161,93,68,4501.560335091495,798,17,351.84893331022596,199,207,114,21318.25693009605,0,0,,502.6650131104624,1475,360,50266.50131104624
187,101,5062.433102696814,2,2,2.8472823301623738,281,81,4706.246528360613,0,1,1,0.09944763447155819,2024-12-15 00:00:00+00:00,26,21,1108.5857119099603,3,3,87.14417469755199,3,3,20.86853990318731,181,104,58,2168.2572084757903,713,27,502.2941880719891,154,216,130,26986.945971095472,0,0,,406.45722155176014,1536,335,40645.722155176016
220,143,5461.212495252542,5,5,56.99764923237754,150,115,3672.8132338796804,0,24,24,96.8054974092053,2024-12-14 00:00:00+00:00,28,21,918.3989086465504,1,1,59.98830346267854,5,5,117.44422038159496,181,113,61,6035.655930908797,538,17,58.142221147813885,217,316,160,48482.073317386115,0,0,,649.5953177770734,1400,398,64959.53177770734
251,163,8247.636491455138,5,2,83.99712268322334,190,153,15673.768992918722,0,16,17,39.5991516595877,2024-12-13 00:00:00+00:00,46,37,5123.84074544111,3,2,489.94576709080303,4,3,22.139500328095764,269,131,103,10200.810022236195,88,26,856.8662112473174,211,187,102,38863.84479985265,0,0,,796.0244880491282,921,480,79602.44880491281
264,205,17358.33475363625,2,2,105.827006291107,172,139,5859.132405800226,0,41,36,237.83532673071045,2024-12-12 00:00:00+00:00,41,37,549.4807208657261,2,2,20.224985496952918,9,8,101.46743367049703,600,303,258,14716.987939797833,191,21,226.9171596140462,131,251,165,13723.070714397576,0,0,,528.9927844630093,1276,731,52899.27844630093
136,99,3439.5601470626866,0,0,,144,83,6028.580268274209,0,5,7,0.70144880457307,2024-12-11 00:00:00+00:00,32,29,898.0580989591597,2,2,86.136211445315,1,1,0.999934,161,153,60,552.8879185630299,1025,22,51.37394391790695,114,145,79,13345.631969800761,0,0,,244.03929940827643,1643,275,24403.929940827642
86,75,1140.5064047346507,5,5,316.57677526865444,125,80,5722.982067338144,0,8,9,6.804977170689638,2024-12-10 00:00:00+00:00,41,32,1144.057986828976,5,3,1073.2026709044835,4,4,680.087436457104,178,68,38,415.635347859724,168,28,47.44868435419122,79,136,91,9011.15111358875,0,0,,195.58453464505376,646,257,19558.453464505375
58,47,2638.009847925884,0,0,,126,66,2911.3107108669315,0,2,2,1.1298607621337275,2024-12-09 00:00:00+00:00,20,16,2821.0262564728455,0,0,,1,1,1.498971529314,141,36,26,374.57348322494033,10,6,57.39286162290442,47,106,74,7655.647392035031,0,0,,164.60589384439984,359,188,16460.589384439983
27,21,580.0840555401993,2,1,39.86291642540786,50,28,1305.336051912079,0,2,2,21.961178676303817,2024-12-08 00:00:00+00:00,13,9,190.24643306282695,8,2,98.17378757958699,1,1,300.61598027163,59,16,11,367.3093408125286,2,2,27.97070693850356,32,107,39,16122.49427946973,0,0,,190.5405473068879,228,91,19054.05473068879
43,32,589.8859302051663,0,0,,55,33,8224.206095065952,0,1,1,10.006067306993197,2024-12-07 00:00:00+00:00,4,3,56.20533465862777,0,0,,1,1,1.9990604434976196,85,21,16,256.66090926051055,13,11,115.26412547075587,42,149,58,34516.609714150254,0,0,,437.7083723656178,287,127,43770.837236561776
58,37,2642.4399092813032,1,1,33.76460116303636,111,66,30169.95158473547,0,0,0,,2024-12-06 00:00:00+00:00,2,2,25.058394182583175,0,0,,3,3,253.84374314159518,116,18,12,1085.4664663051935,3,2,22.001314775379363,34,93,48,8298.839927571811,0,0,,425.3136594115637,289,150,42531.36594115637
36,22,2075.00838797949,0,0,,72,44,5215.6394729360745,0,1,1,0.12561364145437712,2024-12-05 00:00:00+00:00,23,14,1706.4225746524774,0,0,,1,1,39.6122596782,77,18,15,327.8956715536216,5,4,77.43052269027598,34,109,43,16405.858581610122,0,0,,258.47993084741717,265,111,25847.993084741716
56,53,785.6663208028983,4,4,13.935776002451489,99,61,4409.10215885229,0,1,1,1.0162088971162675,2024-12-04 00:00:00+00:00,15,8,532.8513481100385,2,2,256.54992227728303,4,3,112.32639954073191,128,27,24,73.1398483620958,5,4,4.8977620254222956,21,129,55,8312.713789007941,0,0,,145.02199533878274,342,149,14502.199533878274
28,17,371.98973065795354,1,1,3.399547492403,40,24,463.86308542305346,0,0,0,,2024-12-03 00:00:00+00:00,1,1,10.005311161245002,0,0,,2,2,0.19968110194,60,15,10,314.25741304064593,1,1,0.141813838494,9,55,35,1933.7789520531896,0,0,,30.976355347689257,143,69,3097.6355347689255
5,3,20.116093537907894,0,0,,8,5,78.08175335074846,0,1,1,0.10106764443452691,2024-12-02 00:00:00+00:00,2,1,19.97666731806129,0,0,,0,0,,4,4,2,32.11701193801301,0,0,,8,23,7,108.13278428524,0,0,,2.585253780744052,43,12,258.5253780744052
0,0,,0,0,,1,1,1.008104768308,0,0,0,,2024-12-01 00:00:00+00:00,2,2,43.51901299051207,0,0,,0,0,,4,0,0,,0,0,,6,13,7,2199.89557308498,0,0,,22.444226908438,16,10,2244.4226908438
0,0,,0,0,,3,1,103.26728628453799,0,0,0,,2024-11-30 00:00:00+00:00,3,2,31.06288138057697,0,0,,0,0,,4,0,0,,0,0,,5,22,8,11727.214935540096,0,0,,118.61545103205212,28,9,11861.545103205211
0,0,,0,0,,5,2,107.141598094183,0,1,1,0.100020116379215,2024-11-29 00:00:00+00:00,6,3,2.4979310931583716,0,0,,0,0,,2,2,0,19.996404371794,0,0,,9,21,9,733.97201314362,0,0,,8.637079668191344,35,11,863.7079668191343
0,0,,0,0,,5,2,136.68742549415185,0,0,0,,2024-11-28 00:00:00+00:00,2,1,40.678022330257406,0,0,,0,0,,4,1,1,2.000701483788,0,0,,7,24,10,333.6402209207,0,0,,5.130063702288973,32,11,513.0063702288973
0,0,,0,0,,11,4,541.7058014756279,0,0,0,,2024-11-27 00:00:00+00:00,1,1,10.149307862178361,0,0,,0,0,,6,0,0,,2,2,7.983213396128169,5,22,8,186.88458578997,0,0,,7.467229085239047,36,11,746.7229085239046
0,0,,0,0,,0,0,,0,0,0,,2024-11-26 00:00:00+00:00,1,1,10.034942376423947,0,0,,0,0,,5,0,0,,0,0,,3,7,7,45.59862823480999,0,0,,0.5563357061123394,8,8,55.63357061123394
0,0,,0,0,,1,0,1.01722216834,0,0,0,,2024-11-25 00:00:00+00:00,1,1,5.005175937403116,0,0,,0,0,,2,0,0,,0,0,,2,7,3,19.49070507755,0,0,,0.2551310318329312,9,4,25.51310318329312
0,0,,0,0,,0,0,,0,0,0,,2024-11-24 00:00:00+00:00,5,2,247.73520503879152,0,0,,0,0,,0,0,0,,0,0,,3,4,2,74.74861100088,0,0,,3.224838160396715,9,3,322.4838160396715
0,0,,2,1,1.1563505590795098,0,0,,0,0,0,,2024-11-23 00:00:00+00:00,0,0,,0,0,,0,0,,1,0,0,,1,0,9.813991016471793,4,7,5,58.45769662209,0,0,,0.6942803819764131,10,5,69.4280381976413
3,2,1.5697384011793667,0,0,,7,2,35.592523772605006,0,0,0,,2024-11-22 00:00:00+00:00,2,1,0.4439247772222447,0,0,,1,1,5.314487011944,8,1,1,0.10101800860305485,0,0,,12,62,18,766.75175369147,0,0,,8.097734456630237,76,20,809.7734456630237
0,0,,1,1,2.0170459336100004,9,4,656.442594355612,0,0,0,,2024-11-21 00:00:00+00:00,4,2,13.185355352055403,0,0,,3,2,20.578590486577188,5,0,0,,3,2,6.815999854109091,9,68,13,522.3402566267099,0,0,,12.213798426086734,88,14,1221.3798426086735
0,0,,1,1,1.000420049100752,2,1,6.402026234722257,0,0,0,,2024-11-20 00:00:00+00:00,0,0,,0,0,,0,0,,1,0,0,,0,0,,3,8,4,64.83992846225,0,0,,0.7224237474607301,11,4,72.24237474607301
0,0,,0,0,,0,0,,0,0,0,,2024-11-19 00:00:00+00:00,0,0,,0,0,,0,0,,0,0,0,,0,0,,2,3,2,20.13589289895,0,0,,0.2013589289895,3,2,20.13589289895
1,1,6.39693400003,0,0,,0,0,,0,0,0,,2024-11-18 00:00:00+00:00,2,1,1.0990217123382173,0,0,,0,0,,1,0,0,,2,2,4.998838266399821,3,6,3,42.58819660353,0,0,,0.5508299058229804,11,4,55.08299058229804
0,0,,0,0,,6,2,78.50749701800181,0,0,0,,2024-11-16 00:00:00+00:00,0,0,,0,0,,0,0,,0,0,0,,0,0,,2,8,2,976.0706229092101,0,0,,10.545781199272119,14,2,1054.578119927212
0,0,,0,0,,1,1,21.664950044556004,0,0,0,,2024-11-15 00:00:00+00:00,1,1,1.000911943392083,0,0,,0,0,,1,0,0,,0,0,,8,35,9,1240.5853883031898,0,0,,12.63251250291138,37,9,1263.251250291138
0,0,,0,0,,3,1,65.09197197896945,0,0,0,,2024-11-14 00:00:00+00:00,4,2,40.88682718570294,0,0,,0,0,,1,0,0,,0,0,,4,19,5,2214.8020243226697,0,0,,23.207808234873415,26,5,2320.7808234873414
0,0,,0,0,,4,1,29.53192401527164,0,0,0,,2024-11-13 00:00:00+00:00,1,1,19.842161217568556,0,0,,0,0,,1,0,0,,0,0,,4,7,4,442.54539287011994,0,0,,4.919194781029601,12,5,491.9194781029601
0,0,,0,0,,0,0,,0,0,0,,2024-11-12 00:00:00+00:00,0,0,,1,1,118.17666546250402,0,0,,1,0,0,,0,0,,3,7,4,51.31991301843,0,0,,1.6949657848093405,8,4,169.49657848093403
0,0,,0,0,,0,0,,0,0,0,,2024-11-11 00:00:00+00:00,0,0,,0,0,,0,0,,1,0,0,,0,0,,3,7,4,14.054168351319998,0,0,,0.14054168351319998,7,4,14.054168351319998
0,0,,0,0,,0,0,,0,0,0,,2024-11-10 00:00:00+00:00,0,0,,1,1,99.96712634720912,0,0,,1,0,0,,3,1,2.2469876849651387,2,4,3,133.17285361706,0,0,,2.353869676492343,8,3,235.3869676492343
0,0,,1,1,0.9952071462045085,2,1,0.3995225740558019,0,0,0,,2024-11-09 00:00:00+00:00,3,2,2.9894264763299736,0,0,,0,0,,5,0,0,,1,1,0.09944803805504895,2,20,7,3313.82542642574,0,0,,33.18309030660386,27,7,3318.309030660386
1,1,0.4997234236819148,2,2,0.6124390194,9,2,27.276642855045985,0,0,0,,2024-11-08 00:00:00+00:00,9,3,13.951097159822133,1,1,10.022855902884054,1,1,0.09995577536159617,7,2,1,22.496226807687805,2,1,0.9978235020128903,0,25,7,19.474679406190006,0,0,,0.9543144385208637,52,7,95.43144385208637
